"","id","date","tavg"
"1","RSM00026898",1999-01-01,-82
"2","RSM00026898",1999-01-02,-53
"3","RSM00026898",1999-01-03,-45
"4","RSM00026898",1999-01-04,-31
"5","RSM00026898",1999-01-05,1
"6","RSM00026898",1999-01-06,17
"7","RSM00026898",1999-01-07,26
"8","RSM00026898",1999-01-08,-30
"9","RSM00026898",1999-01-09,-87
"10","RSM00026898",1999-01-10,-72
"11","RSM00026898",1999-01-11,-123
"12","RSM00026898",1999-01-12,-144
"13","RSM00026898",1999-01-13,-54
"14","RSM00026898",1999-01-14,-17
"15","RSM00026898",1999-01-15,-14
"16","RSM00026898",1999-01-16,-18
"17","RSM00026898",1999-01-17,-14
"18","RSM00026898",1999-01-18,-34
"19","RSM00026898",1999-01-19,-48
"20","RSM00026898",1999-01-20,-52
"21","RSM00026898",1999-01-21,-65
"22","RSM00026898",1999-01-22,-66
"23","RSM00026898",1999-01-23,-21
"24","RSM00026898",1999-01-24,-13
"25","RSM00026898",1999-01-25,-12
"26","RSM00026898",1999-01-26,17
"27","RSM00026898",1999-01-27,12
"28","RSM00026898",1999-01-28,-1
"29","RSM00026898",1999-01-29,-9
"30","RSM00026898",1999-01-30,-71
"31","RSM00026898",1999-01-31,-131
"32","RSM00026898",1999-02-01,-99
"33","RSM00026898",1999-02-02,-60
"34","RSM00026898",1999-02-03,-200
"35","RSM00026898",1999-02-04,-151
"36","RSM00026898",1999-02-05,-7
"37","RSM00026898",1999-02-06,-6
"38","RSM00026898",1999-02-07,-41
"39","RSM00026898",1999-02-08,-106
"40","RSM00026898",1999-02-09,-25
"41","RSM00026898",1999-02-10,-70
"42","RSM00026898",1999-02-11,-37
"43","RSM00026898",1999-02-12,-38
"44","RSM00026898",1999-02-13,-59
"45","RSM00026898",1999-02-14,-46
"46","RSM00026898",1999-02-15,-16
"47","RSM00026898",1999-02-16,-6
"48","RSM00026898",1999-02-17,-23
"49","RSM00026898",1999-02-18,-30
"50","RSM00026898",1999-02-19,-41
"51","RSM00026898",1999-02-20,-70
"52","RSM00026898",1999-02-21,-76
"53","RSM00026898",1999-02-22,-54
"54","RSM00026898",1999-02-23,-9
"55","RSM00026898",1999-02-24,1
"56","RSM00026898",1999-02-25,-10
"57","RSM00026898",1999-02-26,-27
"58","RSM00026898",1999-02-27,-71
"59","RSM00026898",1999-02-28,-49
"60","RSM00026898",1999-03-01,0
"61","RSM00026898",1999-03-02,7
"62","RSM00026898",1999-03-03,5
"63","RSM00026898",1999-03-04,9
"64","RSM00026898",1999-03-05,50
"65","RSM00026898",1999-03-06,24
"66","RSM00026898",1999-03-07,9
"67","RSM00026898",1999-03-08,-55
"68","RSM00026898",1999-03-09,-92
"69","RSM00026898",1999-03-10,-78
"70","RSM00026898",1999-03-11,-28
"71","RSM00026898",1999-03-12,2
"72","RSM00026898",1999-03-13,-19
"73","RSM00026898",1999-03-14,-49
"74","RSM00026898",1999-03-15,-54
"75","RSM00026898",1999-03-16,-69
"76","RSM00026898",1999-03-17,-54
"77","RSM00026898",1999-03-18,-39
"78","RSM00026898",1999-03-19,-32
"79","RSM00026898",1999-03-20,4
"80","RSM00026898",1999-03-21,-37
"81","RSM00026898",1999-03-22,-7
"82","RSM00026898",1999-03-23,11
"83","RSM00026898",1999-03-24,31
"84","RSM00026898",1999-03-25,17
"85","RSM00026898",1999-03-26,25
"86","RSM00026898",1999-03-27,46
"87","RSM00026898",1999-03-28,70
"88","RSM00026898",1999-03-29,70
"89","RSM00026898",1999-03-30,77
"90","RSM00026898",1999-03-31,72
"91","RSM00026898",1999-04-01,65
"92","RSM00026898",1999-04-02,69
"93","RSM00026898",1999-04-03,47
"94","RSM00026898",1999-04-04,21
"95","RSM00026898",1999-04-05,-15
"96","RSM00026898",1999-04-06,28
"97","RSM00026898",1999-04-07,70
"98","RSM00026898",1999-04-08,86
"99","RSM00026898",1999-04-09,66
"100","RSM00026898",1999-04-10,100
"101","RSM00026898",1999-04-11,104
"102","RSM00026898",1999-04-12,106
"103","RSM00026898",1999-04-13,58
"104","RSM00026898",1999-04-14,85
"105","RSM00026898",1999-04-15,115
"106","RSM00026898",1999-04-16,138
"107","RSM00026898",1999-04-17,162
"108","RSM00026898",1999-04-18,167
"109","RSM00026898",1999-04-19,167
"110","RSM00026898",1999-04-20,128
"111","RSM00026898",1999-04-21,92
"112","RSM00026898",1999-04-22,122
"113","RSM00026898",1999-04-23,117
"114","RSM00026898",1999-04-24,123
"115","RSM00026898",1999-04-25,126
"116","RSM00026898",1999-04-26,140
"117","RSM00026898",1999-04-27,158
"118","RSM00026898",1999-04-28,171
"119","RSM00026898",1999-04-29,163
"120","RSM00026898",1999-04-30,99
"121","RSM00026898",1999-05-01,88
"122","RSM00026898",1999-05-02,79
"123","RSM00026898",1999-05-03,43
"124","RSM00026898",1999-05-04,26
"125","RSM00026898",1999-05-05,24
"126","RSM00026898",1999-05-06,29
"127","RSM00026898",1999-05-07,64
"128","RSM00026898",1999-05-08,79
"129","RSM00026898",1999-05-09,61
"130","RSM00026898",1999-05-10,84
"131","RSM00026898",1999-05-11,109
"132","RSM00026898",1999-05-12,34
"133","RSM00026898",1999-05-13,34
"134","RSM00026898",1999-05-14,69
"135","RSM00026898",1999-05-15,62
"136","RSM00026898",1999-05-16,88
"137","RSM00026898",1999-05-17,79
"138","RSM00026898",1999-05-18,95
"139","RSM00026898",1999-05-19,92
"140","RSM00026898",1999-05-20,105
"141","RSM00026898",1999-05-21,128
"142","RSM00026898",1999-05-22,136
"143","RSM00026898",1999-05-23,160
"144","RSM00026898",1999-05-24,170
"145","RSM00026898",1999-05-25,171
"146","RSM00026898",1999-05-26,178
"147","RSM00026898",1999-05-27,170
"148","RSM00026898",1999-05-28,160
"149","RSM00026898",1999-05-29,169
"150","RSM00026898",1999-05-30,194
"151","RSM00026898",1999-05-31,180
"152","RSM00026898",1999-06-01,123
"153","RSM00026898",1999-06-02,126
"154","RSM00026898",1999-06-03,151
"155","RSM00026898",1999-06-04,174
"156","RSM00026898",1999-06-05,193
"157","RSM00026898",1999-06-06,206
"158","RSM00026898",1999-06-07,226
"159","RSM00026898",1999-06-08,236
"160","RSM00026898",1999-06-09,255
"161","RSM00026898",1999-06-10,247
"162","RSM00026898",1999-06-11,249
"163","RSM00026898",1999-06-12,220
"164","RSM00026898",1999-06-13,224
"165","RSM00026898",1999-06-14,192
"166","RSM00026898",1999-06-15,203
"167","RSM00026898",1999-06-16,225
"168","RSM00026898",1999-06-17,226
"169","RSM00026898",1999-06-18,230
"170","RSM00026898",1999-06-19,232
"171","RSM00026898",1999-06-20,215
"172","RSM00026898",1999-06-21,215
"173","RSM00026898",1999-06-22,218
"174","RSM00026898",1999-06-23,233
"175","RSM00026898",1999-06-24,241
"176","RSM00026898",1999-06-25,236
"177","RSM00026898",1999-06-26,244
"178","RSM00026898",1999-06-27,244
"179","RSM00026898",1999-06-28,218
"180","RSM00026898",1999-06-29,236
"181","RSM00026898",1999-06-30,235
"182","RSM00026898",1999-07-01,242
"183","RSM00026898",1999-07-02,250
"184","RSM00026898",1999-07-03,224
"185","RSM00026898",1999-07-04,217
"186","RSM00026898",1999-07-05,238
"187","RSM00026898",1999-07-06,254
"188","RSM00026898",1999-07-07,265
"189","RSM00026898",1999-07-08,278
"190","RSM00026898",1999-07-09,219
"191","RSM00026898",1999-07-10,189
"192","RSM00026898",1999-07-11,191
"193","RSM00026898",1999-07-12,208
"194","RSM00026898",1999-07-13,239
"195","RSM00026898",1999-07-14,253
"196","RSM00026898",1999-07-15,261
"197","RSM00026898",1999-07-16,237
"198","RSM00026898",1999-07-17,194
"199","RSM00026898",1999-07-18,171
"200","RSM00026898",1999-07-19,181
"201","RSM00026898",1999-07-20,158
"202","RSM00026898",1999-07-21,189
"203","RSM00026898",1999-07-22,214
"204","RSM00026898",1999-07-23,233
"205","RSM00026898",1999-07-24,230
"206","RSM00026898",1999-07-25,217
"207","RSM00026898",1999-07-26,220
"208","RSM00026898",1999-07-27,220
"209","RSM00026898",1999-07-28,196
"210","RSM00026898",1999-07-29,178
"211","RSM00026898",1999-07-30,170
"212","RSM00026898",1999-07-31,161
"213","RSM00026898",1999-08-01,144
"214","RSM00026898",1999-08-02,154
"215","RSM00026898",1999-08-03,159
"216","RSM00026898",1999-08-04,159
"217","RSM00026898",1999-08-05,162
"218","RSM00026898",1999-08-06,191
"219","RSM00026898",1999-08-07,207
"220","RSM00026898",1999-08-08,204
"221","RSM00026898",1999-08-09,226
"222","RSM00026898",1999-08-10,222
"223","RSM00026898",1999-08-11,209
"224","RSM00026898",1999-08-12,201
"225","RSM00026898",1999-08-13,184
"226","RSM00026898",1999-08-14,173
"227","RSM00026898",1999-08-15,152
"228","RSM00026898",1999-08-16,156
"229","RSM00026898",1999-08-17,150
"230","RSM00026898",1999-08-18,148
"231","RSM00026898",1999-08-19,169
"232","RSM00026898",1999-08-20,201
"233","RSM00026898",1999-08-21,177
"234","RSM00026898",1999-08-22,153
"235","RSM00026898",1999-08-23,131
"236","RSM00026898",1999-08-24,141
"237","RSM00026898",1999-08-25,139
"238","RSM00026898",1999-08-26,142
"239","RSM00026898",1999-08-27,157
"240","RSM00026898",1999-08-28,160
"241","RSM00026898",1999-08-29,163
"242","RSM00026898",1999-08-30,155
"243","RSM00026898",1999-08-31,152
"244","RSM00026898",1999-09-01,119
"245","RSM00026898",1999-09-02,106
"246","RSM00026898",1999-09-03,118
"247","RSM00026898",1999-09-04,140
"248","RSM00026898",1999-09-05,166
"249","RSM00026898",1999-09-06,181
"250","RSM00026898",1999-09-07,188
"251","RSM00026898",1999-09-08,198
"252","RSM00026898",1999-09-09,203
"253","RSM00026898",1999-09-10,156
"254","RSM00026898",1999-09-11,134
"255","RSM00026898",1999-09-12,92
"256","RSM00026898",1999-09-13,72
"257","RSM00026898",1999-09-14,78
"258","RSM00026898",1999-09-15,73
"259","RSM00026898",1999-09-16,70
"260","RSM00026898",1999-09-17,91
"261","RSM00026898",1999-09-18,90
"262","RSM00026898",1999-09-19,87
"263","RSM00026898",1999-09-20,95
"264","RSM00026898",1999-09-21,99
"265","RSM00026898",1999-09-22,102
"266","RSM00026898",1999-09-23,114
"267","RSM00026898",1999-09-24,115
"268","RSM00026898",1999-09-25,143
"269","RSM00026898",1999-09-26,138
"270","RSM00026898",1999-09-27,123
"271","RSM00026898",1999-09-28,135
"272","RSM00026898",1999-09-29,125
"273","RSM00026898",1999-09-30,144
"274","RSM00026898",1999-10-01,160
"275","RSM00026898",1999-10-02,155
"276","RSM00026898",1999-10-03,133
"277","RSM00026898",1999-10-04,185
"278","RSM00026898",1999-10-05,190
"279","RSM00026898",1999-10-06,180
"280","RSM00026898",1999-10-07,157
"281","RSM00026898",1999-10-08,129
"282","RSM00026898",1999-10-09,96
"283","RSM00026898",1999-10-10,80
"284","RSM00026898",1999-10-11,57
"285","RSM00026898",1999-10-12,80
"286","RSM00026898",1999-10-13,71
"287","RSM00026898",1999-10-14,55
"288","RSM00026898",1999-10-15,32
"289","RSM00026898",1999-10-16,29
"290","RSM00026898",1999-10-17,40
"291","RSM00026898",1999-10-18,9
"292","RSM00026898",1999-10-19,1
"293","RSM00026898",1999-10-20,-1
"294","RSM00026898",1999-10-21,-6
"295","RSM00026898",1999-10-22,-1
"296","RSM00026898",1999-10-23,2
"297","RSM00026898",1999-10-24,2
"298","RSM00026898",1999-10-25,3
"299","RSM00026898",1999-10-26,44
"300","RSM00026898",1999-10-27,87
"301","RSM00026898",1999-10-28,62
"302","RSM00026898",1999-10-29,31
"303","RSM00026898",1999-10-30,38
"304","RSM00026898",1999-10-31,57
"305","RSM00026898",1999-11-01,30
"306","RSM00026898",1999-11-02,70
"307","RSM00026898",1999-11-03,79
"308","RSM00026898",1999-11-04,63
"309","RSM00026898",1999-11-05,44
"310","RSM00026898",1999-11-06,12
"311","RSM00026898",1999-11-07,-3
"312","RSM00026898",1999-11-08,-56
"313","RSM00026898",1999-11-09,-82
"314","RSM00026898",1999-11-10,-65
"315","RSM00026898",1999-11-11,-36
"316","RSM00026898",1999-11-12,26
"317","RSM00026898",1999-11-13,22
"318","RSM00026898",1999-11-14,21
"319","RSM00026898",1999-11-15,-9
"320","RSM00026898",1999-11-16,-70
"321","RSM00026898",1999-11-17,-103
"322","RSM00026898",1999-11-18,-76
"323","RSM00026898",1999-11-19,-68
"324","RSM00026898",1999-11-20,-115
"325","RSM00026898",1999-11-21,-46
"326","RSM00026898",1999-11-22,-22
"327","RSM00026898",1999-11-23,-29
"328","RSM00026898",1999-11-24,-108
"329","RSM00026898",1999-11-25,-162
"330","RSM00026898",1999-11-26,-167
"331","RSM00026898",1999-11-27,-83
"332","RSM00026898",1999-11-28,-31
"333","RSM00026898",1999-11-29,3
"334","RSM00026898",1999-11-30,6
"335","RSM00026898",1999-12-01,7
"336","RSM00026898",1999-12-02,19
"337","RSM00026898",1999-12-03,11
"338","RSM00026898",1999-12-04,6
"339","RSM00026898",1999-12-05,6
"340","RSM00026898",1999-12-06,-44
"341","RSM00026898",1999-12-07,-59
"342","RSM00026898",1999-12-08,-1
"343","RSM00026898",1999-12-09,14
"344","RSM00026898",1999-12-10,7
"345","RSM00026898",1999-12-11,8
"346","RSM00026898",1999-12-12,16
"347","RSM00026898",1999-12-13,44
"348","RSM00026898",1999-12-14,1
"349","RSM00026898",1999-12-15,9
"350","RSM00026898",1999-12-16,0
"351","RSM00026898",1999-12-17,-18
"352","RSM00026898",1999-12-18,-41
"353","RSM00026898",1999-12-19,-17
"354","RSM00026898",1999-12-20,-35
"355","RSM00026898",1999-12-21,-38
"356","RSM00026898",1999-12-22,-77
"357","RSM00026898",1999-12-23,-51
"358","RSM00026898",1999-12-24,-73
"359","RSM00026898",1999-12-25,-92
"360","RSM00026898",1999-12-26,-55
"361","RSM00026898",1999-12-27,-38
"362","RSM00026898",1999-12-28,-16
"363","RSM00026898",1999-12-29,-40
"364","RSM00026898",1999-12-30,-25
"365","RSM00026898",1999-12-31,-40
"366","RSM00026997",1999-01-01,-106
"367","RSM00026997",1999-01-02,-51
"368","RSM00026997",1999-01-03,-44
"369","RSM00026997",1999-01-04,-24
"370","RSM00026997",1999-01-05,4
"371","RSM00026997",1999-01-06,18
"372","RSM00026997",1999-01-07,25
"373","RSM00026997",1999-01-08,-17
"374","RSM00026997",1999-01-09,-93
"375","RSM00026997",1999-01-10,-60
"376","RSM00026997",1999-01-11,-117
"377","RSM00026997",1999-01-12,-142
"378","RSM00026997",1999-01-13,-44
"379","RSM00026997",1999-01-14,-12
"380","RSM00026997",1999-01-15,-12
"381","RSM00026997",1999-01-16,-13
"382","RSM00026997",1999-01-17,-13
"383","RSM00026997",1999-01-18,-33
"384","RSM00026997",1999-01-19,-54
"385","RSM00026997",1999-01-20,-53
"386","RSM00026997",1999-01-21,-77
"387","RSM00026997",1999-01-22,-73
"388","RSM00026997",1999-01-23,-20
"389","RSM00026997",1999-01-24,-14
"390","RSM00026997",1999-01-25,-9
"391","RSM00026997",1999-01-26,15
"392","RSM00026997",1999-01-27,13
"393","RSM00026997",1999-01-28,1
"394","RSM00026997",1999-01-29,-8
"395","RSM00026997",1999-01-30,-71
"396","RSM00026997",1999-01-31,-103
"397","RSM00026997",1999-02-01,-89
"398","RSM00026997",1999-02-02,-50
"399","RSM00026997",1999-02-03,-194
"400","RSM00026997",1999-02-04,-144
"401","RSM00026997",1999-02-05,-9
"402","RSM00026997",1999-02-06,-3
"403","RSM00026997",1999-02-07,-32
"404","RSM00026997",1999-02-08,-91
"405","RSM00026997",1999-02-09,-21
"406","RSM00026997",1999-02-10,-77
"407","RSM00026997",1999-02-11,-7
"408","RSM00026997",1999-02-12,-16
"409","RSM00026997",1999-02-13,-44
"410","RSM00026997",1999-02-14,-34
"411","RSM00026997",1999-02-15,-4
"412","RSM00026997",1999-02-16,-1
"413","RSM00026997",1999-02-17,-24
"414","RSM00026997",1999-02-18,-32
"415","RSM00026997",1999-02-19,-56
"416","RSM00026997",1999-02-20,-79
"417","RSM00026997",1999-02-21,-88
"418","RSM00026997",1999-02-22,-41
"419","RSM00026997",1999-02-23,0
"420","RSM00026997",1999-02-24,5
"421","RSM00026997",1999-02-25,-7
"422","RSM00026997",1999-02-26,-24
"423","RSM00026997",1999-02-27,-57
"424","RSM00026997",1999-02-28,-37
"425","RSM00026997",1999-03-01,6
"426","RSM00026997",1999-03-02,15
"427","RSM00026997",1999-03-03,1
"428","RSM00026997",1999-03-04,19
"429","RSM00026997",1999-03-05,55
"430","RSM00026997",1999-03-06,38
"431","RSM00026997",1999-03-07,7
"432","RSM00026997",1999-03-08,-33
"433","RSM00026997",1999-03-09,-73
"434","RSM00026997",1999-03-10,-63
"435","RSM00026997",1999-03-11,-19
"436","RSM00026997",1999-03-12,2
"437","RSM00026997",1999-03-13,-13
"438","RSM00026997",1999-03-14,-43
"439","RSM00026997",1999-03-15,-54
"440","RSM00026997",1999-03-16,-75
"441","RSM00026997",1999-03-17,-78
"442","RSM00026997",1999-03-18,-71
"443","RSM00026997",1999-03-19,-40
"444","RSM00026997",1999-03-20,1
"445","RSM00026997",1999-03-21,-10
"446","RSM00026997",1999-03-22,-2
"447","RSM00026997",1999-03-23,3
"448","RSM00026997",1999-03-24,39
"449","RSM00026997",1999-03-25,22
"450","RSM00026997",1999-03-26,26
"451","RSM00026997",1999-03-27,64
"452","RSM00026997",1999-03-28,78
"453","RSM00026997",1999-03-29,71
"454","RSM00026997",1999-03-30,70
"455","RSM00026997",1999-03-31,67
"456","RSM00026997",1999-04-01,60
"457","RSM00026997",1999-04-02,68
"458","RSM00026997",1999-04-03,50
"459","RSM00026997",1999-04-04,33
"460","RSM00026997",1999-04-05,-9
"461","RSM00026997",1999-04-06,29
"462","RSM00026997",1999-04-07,82
"463","RSM00026997",1999-04-08,91
"464","RSM00026997",1999-04-09,81
"465","RSM00026997",1999-04-10,106
"466","RSM00026997",1999-04-11,103
"467","RSM00026997",1999-04-12,107
"468","RSM00026997",1999-04-13,58
"469","RSM00026997",1999-04-14,95
"470","RSM00026997",1999-04-15,118
"471","RSM00026997",1999-04-16,129
"472","RSM00026997",1999-04-17,155
"473","RSM00026997",1999-04-18,163
"474","RSM00026997",1999-04-19,166
"475","RSM00026997",1999-04-20,118
"476","RSM00026997",1999-04-21,89
"477","RSM00026997",1999-04-22,113
"478","RSM00026997",1999-04-23,126
"479","RSM00026997",1999-04-24,127
"480","RSM00026997",1999-04-25,122
"481","RSM00026997",1999-04-26,137
"482","RSM00026997",1999-04-27,143
"483","RSM00026997",1999-04-28,154
"484","RSM00026997",1999-04-29,149
"485","RSM00026997",1999-04-30,94
"486","RSM00026997",1999-05-01,90
"487","RSM00026997",1999-05-02,79
"488","RSM00026997",1999-05-03,56
"489","RSM00026997",1999-05-04,33
"490","RSM00026997",1999-05-05,26
"491","RSM00026997",1999-05-06,33
"492","RSM00026997",1999-05-07,70
"493","RSM00026997",1999-05-08,97
"494","RSM00026997",1999-05-09,80
"495","RSM00026997",1999-05-10,70
"496","RSM00026997",1999-05-11,107
"497","RSM00026997",1999-05-12,61
"498","RSM00026997",1999-05-13,46
"499","RSM00026997",1999-05-14,56
"500","RSM00026997",1999-05-15,70
"501","RSM00026997",1999-05-16,84
"502","RSM00026997",1999-05-17,77
"503","RSM00026997",1999-05-18,86
"504","RSM00026997",1999-05-19,97
"505","RSM00026997",1999-05-20,110
"506","RSM00026997",1999-05-21,114
"507","RSM00026997",1999-05-22,140
"508","RSM00026997",1999-05-23,167
"509","RSM00026997",1999-05-24,170
"510","RSM00026997",1999-05-25,163
"511","RSM00026997",1999-05-26,145
"512","RSM00026997",1999-05-27,162
"513","RSM00026997",1999-05-28,160
"514","RSM00026997",1999-05-29,168
"515","RSM00026997",1999-05-30,193
"516","RSM00026997",1999-05-31,188
"517","RSM00026997",1999-06-01,125
"518","RSM00026997",1999-06-02,122
"519","RSM00026997",1999-06-03,153
"520","RSM00026997",1999-06-04,176
"521","RSM00026997",1999-06-05,190
"522","RSM00026997",1999-06-06,207
"523","RSM00026997",1999-06-07,217
"524","RSM00026997",1999-06-08,230
"525","RSM00026997",1999-06-09,229
"526","RSM00026997",1999-06-10,230
"527","RSM00026997",1999-06-11,242
"528","RSM00026997",1999-06-12,212
"529","RSM00026997",1999-06-13,227
"530","RSM00026997",1999-06-14,187
"531","RSM00026997",1999-06-15,189
"532","RSM00026997",1999-06-16,213
"533","RSM00026997",1999-06-17,227
"534","RSM00026997",1999-06-18,233
"535","RSM00026997",1999-06-19,227
"536","RSM00026997",1999-06-20,226
"537","RSM00026997",1999-06-21,209
"538","RSM00026997",1999-06-22,203
"539","RSM00026997",1999-06-23,230
"540","RSM00026997",1999-06-24,233
"541","RSM00026997",1999-06-25,230
"542","RSM00026997",1999-06-26,237
"543","RSM00026997",1999-06-27,240
"544","RSM00026997",1999-06-28,226
"545","RSM00026997",1999-06-29,236
"546","RSM00026997",1999-06-30,235
"547","RSM00026997",1999-07-01,240
"548","RSM00026997",1999-07-02,243
"549","RSM00026997",1999-07-03,205
"550","RSM00026997",1999-07-04,210
"551","RSM00026997",1999-07-05,231
"552","RSM00026997",1999-07-06,252
"553","RSM00026997",1999-07-07,253
"554","RSM00026997",1999-07-08,274
"555","RSM00026997",1999-07-09,232
"556","RSM00026997",1999-07-10,191
"557","RSM00026997",1999-07-11,198
"558","RSM00026997",1999-07-12,194
"559","RSM00026997",1999-07-13,228
"560","RSM00026997",1999-07-14,247
"561","RSM00026997",1999-07-15,261
"562","RSM00026997",1999-07-16,230
"563","RSM00026997",1999-07-17,198
"564","RSM00026997",1999-07-18,161
"565","RSM00026997",1999-07-19,180
"566","RSM00026997",1999-07-20,168
"567","RSM00026997",1999-07-21,194
"568","RSM00026997",1999-07-22,215
"569","RSM00026997",1999-07-23,231
"570","RSM00026997",1999-07-24,219
"571","RSM00026997",1999-07-25,214
"572","RSM00026997",1999-07-26,219
"573","RSM00026997",1999-07-27,214
"574","RSM00026997",1999-07-28,200
"575","RSM00026997",1999-07-29,185
"576","RSM00026997",1999-07-30,181
"577","RSM00026997",1999-07-31,175
"578","RSM00026997",1999-08-01,148
"579","RSM00026997",1999-08-02,152
"580","RSM00026997",1999-08-03,153
"581","RSM00026997",1999-08-04,147
"582","RSM00026997",1999-08-05,155
"583","RSM00026997",1999-08-06,191
"584","RSM00026997",1999-08-07,202
"585","RSM00026997",1999-08-08,206
"586","RSM00026997",1999-08-09,213
"587","RSM00026997",1999-08-10,219
"588","RSM00026997",1999-08-11,218
"589","RSM00026997",1999-08-12,200
"590","RSM00026997",1999-08-13,193
"591","RSM00026997",1999-08-14,169
"592","RSM00026997",1999-08-15,147
"593","RSM00026997",1999-08-16,156
"594","RSM00026997",1999-08-17,143
"595","RSM00026997",1999-08-18,150
"596","RSM00026997",1999-08-19,174
"597","RSM00026997",1999-08-20,198
"598","RSM00026997",1999-08-21,176
"599","RSM00026997",1999-08-22,153
"600","RSM00026997",1999-08-23,138
"601","RSM00026997",1999-08-24,132
"602","RSM00026997",1999-08-25,133
"603","RSM00026997",1999-08-26,131
"604","RSM00026997",1999-08-27,142
"605","RSM00026997",1999-08-28,155
"606","RSM00026997",1999-08-29,162
"607","RSM00026997",1999-08-30,163
"608","RSM00026997",1999-08-31,154
"609","RSM00026997",1999-09-01,132
"610","RSM00026997",1999-09-02,116
"611","RSM00026997",1999-09-03,113
"612","RSM00026997",1999-09-04,132
"613","RSM00026997",1999-09-05,159
"614","RSM00026997",1999-09-06,170
"615","RSM00026997",1999-09-07,184
"616","RSM00026997",1999-09-08,190
"617","RSM00026997",1999-09-09,190
"618","RSM00026997",1999-09-10,162
"619","RSM00026997",1999-09-11,143
"620","RSM00026997",1999-09-12,95
"621","RSM00026997",1999-09-13,66
"622","RSM00026997",1999-09-14,77
"623","RSM00026997",1999-09-15,76
"624","RSM00026997",1999-09-16,72
"625","RSM00026997",1999-09-17,87
"626","RSM00026997",1999-09-18,90
"627","RSM00026997",1999-09-19,83
"628","RSM00026997",1999-09-20,86
"629","RSM00026997",1999-09-21,87
"630","RSM00026997",1999-09-22,106
"631","RSM00026997",1999-09-23,122
"632","RSM00026997",1999-09-24,135
"633","RSM00026997",1999-09-25,155
"634","RSM00026997",1999-09-26,127
"635","RSM00026997",1999-09-27,127
"636","RSM00026997",1999-09-28,138
"637","RSM00026997",1999-09-29,128
"638","RSM00026997",1999-09-30,138
"639","RSM00026997",1999-10-01,160
"640","RSM00026997",1999-10-02,156
"641","RSM00026997",1999-10-03,131
"642","RSM00026997",1999-10-04,176
"643","RSM00026997",1999-10-05,182
"644","RSM00026997",1999-10-06,164
"645","RSM00026997",1999-10-07,151
"646","RSM00026997",1999-10-08,134
"647","RSM00026997",1999-10-09,91
"648","RSM00026997",1999-10-10,81
"649","RSM00026997",1999-10-11,56
"650","RSM00026997",1999-10-12,75
"651","RSM00026997",1999-10-13,57
"652","RSM00026997",1999-10-14,57
"653","RSM00026997",1999-10-15,38
"654","RSM00026997",1999-10-16,29
"655","RSM00026997",1999-10-17,31
"656","RSM00026997",1999-10-18,17
"657","RSM00026997",1999-10-19,5
"658","RSM00026997",1999-10-20,1
"659","RSM00026997",1999-10-21,-4
"660","RSM00026997",1999-10-22,-5
"661","RSM00026997",1999-10-23,3
"662","RSM00026997",1999-10-24,14
"663","RSM00026997",1999-10-25,23
"664","RSM00026997",1999-10-26,48
"665","RSM00026997",1999-10-27,88
"666","RSM00026997",1999-10-28,64
"667","RSM00026997",1999-10-29,39
"668","RSM00026997",1999-10-30,38
"669","RSM00026997",1999-10-31,57
"670","RSM00026997",1999-11-01,32
"671","RSM00026997",1999-11-02,61
"672","RSM00026997",1999-11-03,69
"673","RSM00026997",1999-11-04,62
"674","RSM00026997",1999-11-05,48
"675","RSM00026997",1999-11-06,12
"676","RSM00026997",1999-11-07,6
"677","RSM00026997",1999-11-08,-40
"678","RSM00026997",1999-11-09,-62
"679","RSM00026997",1999-11-10,-56
"680","RSM00026997",1999-11-11,-33
"681","RSM00026997",1999-11-12,25
"682","RSM00026997",1999-11-13,47
"683","RSM00026997",1999-11-14,23
"684","RSM00026997",1999-11-15,-2
"685","RSM00026997",1999-11-16,-56
"686","RSM00026997",1999-11-17,-79
"687","RSM00026997",1999-11-18,-60
"688","RSM00026997",1999-11-19,-51
"689","RSM00026997",1999-11-20,-118
"690","RSM00026997",1999-11-21,-41
"691","RSM00026997",1999-11-22,-20
"692","RSM00026997",1999-11-23,-20
"693","RSM00026997",1999-11-24,-107
"694","RSM00026997",1999-11-25,-174
"695","RSM00026997",1999-11-26,-187
"696","RSM00026997",1999-11-27,-73
"697","RSM00026997",1999-11-28,-17
"698","RSM00026997",1999-11-29,5
"699","RSM00026997",1999-11-30,2
"700","RSM00026997",1999-12-01,7
"701","RSM00026997",1999-12-02,24
"702","RSM00026997",1999-12-03,9
"703","RSM00026997",1999-12-04,11
"704","RSM00026997",1999-12-05,0
"705","RSM00026997",1999-12-06,-41
"706","RSM00026997",1999-12-07,-47
"707","RSM00026997",1999-12-08,-2
"708","RSM00026997",1999-12-09,16
"709","RSM00026997",1999-12-10,11
"710","RSM00026997",1999-12-11,8
"711","RSM00026997",1999-12-12,15
"712","RSM00026997",1999-12-13,42
"713","RSM00026997",1999-12-14,3
"714","RSM00026997",1999-12-15,12
"715","RSM00026997",1999-12-16,4
"716","RSM00026997",1999-12-17,-13
"717","RSM00026997",1999-12-18,-35
"718","RSM00026997",1999-12-19,-17
"719","RSM00026997",1999-12-20,-31
"720","RSM00026997",1999-12-21,-34
"721","RSM00026997",1999-12-22,-70
"722","RSM00026997",1999-12-23,-68
"723","RSM00026997",1999-12-24,-77
"724","RSM00026997",1999-12-25,-85
"725","RSM00026997",1999-12-26,-50
"726","RSM00026997",1999-12-27,-39
"727","RSM00026997",1999-12-28,-28
"728","RSM00026997",1999-12-29,-43
"729","RSM00026997",1999-12-30,-25
"730","RSM00026997",1999-12-31,-34
"731","RSM00027707",1999-01-01,-79
"732","RSM00027707",1999-01-02,-71
"733","RSM00027707",1999-01-03,-53
"734","RSM00027707",1999-01-04,-40
"735","RSM00027707",1999-01-05,-1
"736","RSM00027707",1999-01-06,13
"737","RSM00027707",1999-01-07,21
"738","RSM00027707",1999-01-08,-36
"739","RSM00027707",1999-01-09,-95
"740","RSM00027707",1999-01-10,-87
"741","RSM00027707",1999-01-11,-126
"742","RSM00027707",1999-01-12,-165
"743","RSM00027707",1999-01-13,-71
"744","RSM00027707",1999-01-14,-28
"745","RSM00027707",1999-01-15,-16
"746","RSM00027707",1999-01-16,-24
"747","RSM00027707",1999-01-17,-26
"748","RSM00027707",1999-01-18,-33
"749","RSM00027707",1999-01-19,-45
"750","RSM00027707",1999-01-20,-52
"751","RSM00027707",1999-01-21,-48
"752","RSM00027707",1999-01-22,-45
"753","RSM00027707",1999-01-23,-17
"754","RSM00027707",1999-01-24,-10
"755","RSM00027707",1999-01-25,-16
"756","RSM00027707",1999-01-26,13
"757","RSM00027707",1999-01-27,8
"758","RSM00027707",1999-01-28,-8
"759","RSM00027707",1999-01-29,-7
"760","RSM00027707",1999-01-30,-68
"761","RSM00027707",1999-01-31,-151
"762","RSM00027707",1999-02-01,-110
"763","RSM00027707",1999-02-02,-91
"764","RSM00027707",1999-02-03,-237
"765","RSM00027707",1999-02-04,-170
"766","RSM00027707",1999-02-05,-21
"767","RSM00027707",1999-02-06,-7
"768","RSM00027707",1999-02-07,-42
"769","RSM00027707",1999-02-08,-134
"770","RSM00027707",1999-02-09,-44
"771","RSM00027707",1999-02-10,-58
"772","RSM00027707",1999-02-11,-48
"773","RSM00027707",1999-02-12,-55
"774","RSM00027707",1999-02-13,-123
"775","RSM00027707",1999-02-14,-82
"776","RSM00027707",1999-02-15,-30
"777","RSM00027707",1999-02-16,-17
"778","RSM00027707",1999-02-17,-25
"779","RSM00027707",1999-02-18,-29
"780","RSM00027707",1999-02-19,-14
"781","RSM00027707",1999-02-20,-63
"782","RSM00027707",1999-02-21,-86
"783","RSM00027707",1999-02-22,-84
"784","RSM00027707",1999-02-23,-28
"785","RSM00027707",1999-02-24,2
"786","RSM00027707",1999-02-25,-12
"787","RSM00027707",1999-02-26,-27
"788","RSM00027707",1999-02-27,-62
"789","RSM00027707",1999-02-28,-64
"790","RSM00027707",1999-03-01,-12
"791","RSM00027707",1999-03-02,4
"792","RSM00027707",1999-03-03,-3
"793","RSM00027707",1999-03-04,5
"794","RSM00027707",1999-03-05,24
"795","RSM00027707",1999-03-06,11
"796","RSM00027707",1999-03-07,-6
"797","RSM00027707",1999-03-08,-81
"798","RSM00027707",1999-03-09,-103
"799","RSM00027707",1999-03-10,-95
"800","RSM00027707",1999-03-11,-43
"801","RSM00027707",1999-03-12,-14
"802","RSM00027707",1999-03-13,-33
"803","RSM00027707",1999-03-14,-66
"804","RSM00027707",1999-03-15,-75
"805","RSM00027707",1999-03-16,-107
"806","RSM00027707",1999-03-17,-70
"807","RSM00027707",1999-03-18,-49
"808","RSM00027707",1999-03-19,-35
"809","RSM00027707",1999-03-20,-4
"810","RSM00027707",1999-03-21,-44
"811","RSM00027707",1999-03-22,-19
"812","RSM00027707",1999-03-23,4
"813","RSM00027707",1999-03-24,27
"814","RSM00027707",1999-03-25,18
"815","RSM00027707",1999-03-26,31
"816","RSM00027707",1999-03-27,47
"817","RSM00027707",1999-03-28,68
"818","RSM00027707",1999-03-29,65
"819","RSM00027707",1999-03-30,63
"820","RSM00027707",1999-03-31,59
"821","RSM00027707",1999-04-01,47
"822","RSM00027707",1999-04-02,49
"823","RSM00027707",1999-04-03,31
"824","RSM00027707",1999-04-04,1
"825","RSM00027707",1999-04-05,-28
"826","RSM00027707",1999-04-06,12
"827","RSM00027707",1999-04-07,36
"828","RSM00027707",1999-04-08,62
"829","RSM00027707",1999-04-09,56
"830","RSM00027707",1999-04-10,79
"831","RSM00027707",1999-04-11,88
"832","RSM00027707",1999-04-12,93
"833","RSM00027707",1999-04-13,68
"834","RSM00027707",1999-04-14,58
"835","RSM00027707",1999-04-15,101
"836","RSM00027707",1999-04-16,130
"837","RSM00027707",1999-04-17,152
"838","RSM00027707",1999-04-18,155
"839","RSM00027707",1999-04-19,150
"840","RSM00027707",1999-04-20,126
"841","RSM00027707",1999-04-21,87
"842","RSM00027707",1999-04-22,112
"843","RSM00027707",1999-04-23,113
"844","RSM00027707",1999-04-24,122
"845","RSM00027707",1999-04-25,127
"846","RSM00027707",1999-04-26,141
"847","RSM00027707",1999-04-27,149
"848","RSM00027707",1999-04-28,167
"849","RSM00027707",1999-04-29,162
"850","RSM00027707",1999-04-30,95
"851","RSM00027707",1999-05-01,68
"852","RSM00027707",1999-05-02,50
"853","RSM00027707",1999-05-03,21
"854","RSM00027707",1999-05-04,10
"855","RSM00027707",1999-05-05,13
"856","RSM00027707",1999-05-06,32
"857","RSM00027707",1999-05-07,55
"858","RSM00027707",1999-05-08,49
"859","RSM00027707",1999-05-09,26
"860","RSM00027707",1999-05-10,61
"861","RSM00027707",1999-05-11,77
"862","RSM00027707",1999-05-12,24
"863","RSM00027707",1999-05-13,32
"864","RSM00027707",1999-05-14,65
"865","RSM00027707",1999-05-15,73
"866","RSM00027707",1999-05-16,88
"867","RSM00027707",1999-05-17,91
"868","RSM00027707",1999-05-18,94
"869","RSM00027707",1999-05-19,78
"870","RSM00027707",1999-05-20,94
"871","RSM00027707",1999-05-21,101
"872","RSM00027707",1999-05-22,122
"873","RSM00027707",1999-05-23,156
"874","RSM00027707",1999-05-24,169
"875","RSM00027707",1999-05-25,161
"876","RSM00027707",1999-05-26,166
"877","RSM00027707",1999-05-27,160
"878","RSM00027707",1999-05-28,157
"879","RSM00027707",1999-05-29,156
"880","RSM00027707",1999-05-30,194
"881","RSM00027707",1999-05-31,171
"882","RSM00027707",1999-06-01,106
"883","RSM00027707",1999-06-02,115
"884","RSM00027707",1999-06-03,137
"885","RSM00027707",1999-06-04,171
"886","RSM00027707",1999-06-05,198
"887","RSM00027707",1999-06-06,214
"888","RSM00027707",1999-06-07,215
"889","RSM00027707",1999-06-08,225
"890","RSM00027707",1999-06-09,237
"891","RSM00027707",1999-06-10,245
"892","RSM00027707",1999-06-11,245
"893","RSM00027707",1999-06-12,222
"894","RSM00027707",1999-06-13,213
"895","RSM00027707",1999-06-14,180
"896","RSM00027707",1999-06-15,195
"897","RSM00027707",1999-06-16,212
"898","RSM00027707",1999-06-17,198
"899","RSM00027707",1999-06-18,195
"900","RSM00027707",1999-06-19,198
"901","RSM00027707",1999-06-20,186
"902","RSM00027707",1999-06-21,200
"903","RSM00027707",1999-06-22,210
"904","RSM00027707",1999-06-23,216
"905","RSM00027707",1999-06-24,214
"906","RSM00027707",1999-06-25,230
"907","RSM00027707",1999-06-26,240
"908","RSM00027707",1999-06-27,232
"909","RSM00027707",1999-06-28,214
"910","RSM00027707",1999-06-29,231
"911","RSM00027707",1999-06-30,228
"912","RSM00027707",1999-07-01,239
"913","RSM00027707",1999-07-02,234
"914","RSM00027707",1999-07-03,212
"915","RSM00027707",1999-07-04,208
"916","RSM00027707",1999-07-05,220
"917","RSM00027707",1999-07-06,236
"918","RSM00027707",1999-07-07,255
"919","RSM00027707",1999-07-08,276
"920","RSM00027707",1999-07-09,208
"921","RSM00027707",1999-07-10,179
"922","RSM00027707",1999-07-11,174
"923","RSM00027707",1999-07-12,198
"924","RSM00027707",1999-07-13,224
"925","RSM00027707",1999-07-14,239
"926","RSM00027707",1999-07-15,252
"927","RSM00027707",1999-07-16,241
"928","RSM00027707",1999-07-17,215
"929","RSM00027707",1999-07-18,187
"930","RSM00027707",1999-07-19,178
"931","RSM00027707",1999-07-20,150
"932","RSM00027707",1999-07-21,183
"933","RSM00027707",1999-07-22,203
"934","RSM00027707",1999-07-23,226
"935","RSM00027707",1999-07-24,219
"936","RSM00027707",1999-07-25,207
"937","RSM00027707",1999-07-26,211
"938","RSM00027707",1999-07-27,221
"939","RSM00027707",1999-07-28,171
"940","RSM00027707",1999-07-29,169
"941","RSM00027707",1999-07-30,158
"942","RSM00027707",1999-07-31,149
"943","RSM00027707",1999-08-01,135
"944","RSM00027707",1999-08-02,137
"945","RSM00027707",1999-08-03,148
"946","RSM00027707",1999-08-04,162
"947","RSM00027707",1999-08-05,154
"948","RSM00027707",1999-08-06,179
"949","RSM00027707",1999-08-07,185
"950","RSM00027707",1999-08-08,170
"951","RSM00027707",1999-08-09,180
"952","RSM00027707",1999-08-10,176
"953","RSM00027707",1999-08-11,194
"954","RSM00027707",1999-08-12,190
"955","RSM00027707",1999-08-13,187
"956","RSM00027707",1999-08-14,177
"957","RSM00027707",1999-08-15,161
"958","RSM00027707",1999-08-16,153
"959","RSM00027707",1999-08-17,146
"960","RSM00027707",1999-08-18,151
"961","RSM00027707",1999-08-19,156
"962","RSM00027707",1999-08-20,190
"963","RSM00027707",1999-08-21,168
"964","RSM00027707",1999-08-22,145
"965","RSM00027707",1999-08-23,137
"966","RSM00027707",1999-08-24,136
"967","RSM00027707",1999-08-25,128
"968","RSM00027707",1999-08-26,142
"969","RSM00027707",1999-08-27,150
"970","RSM00027707",1999-08-28,154
"971","RSM00027707",1999-08-29,156
"972","RSM00027707",1999-08-30,154
"973","RSM00027707",1999-08-31,124
"974","RSM00027707",1999-09-01,95
"975","RSM00027707",1999-09-02,92
"976","RSM00027707",1999-09-03,115
"977","RSM00027707",1999-09-04,135
"978","RSM00027707",1999-09-05,159
"979","RSM00027707",1999-09-06,167
"980","RSM00027707",1999-09-07,171
"981","RSM00027707",1999-09-08,183
"982","RSM00027707",1999-09-09,186
"983","RSM00027707",1999-09-10,150
"984","RSM00027707",1999-09-11,128
"985","RSM00027707",1999-09-12,94
"986","RSM00027707",1999-09-13,58
"987","RSM00027707",1999-09-14,67
"988","RSM00027707",1999-09-15,68
"989","RSM00027707",1999-09-16,68
"990","RSM00027707",1999-09-17,75
"991","RSM00027707",1999-09-18,74
"992","RSM00027707",1999-09-19,82
"993","RSM00027707",1999-09-20,78
"994","RSM00027707",1999-09-21,78
"995","RSM00027707",1999-09-22,98
"996","RSM00027707",1999-09-23,109
"997","RSM00027707",1999-09-24,98
"998","RSM00027707",1999-09-25,135
"999","RSM00027707",1999-09-26,134
"1000","RSM00027707",1999-09-27,104
"1001","RSM00027707",1999-09-28,125
"1002","RSM00027707",1999-09-29,126
"1003","RSM00027707",1999-09-30,141
"1004","RSM00027707",1999-10-01,159
"1005","RSM00027707",1999-10-02,154
"1006","RSM00027707",1999-10-03,127
"1007","RSM00027707",1999-10-04,170
"1008","RSM00027707",1999-10-05,179
"1009","RSM00027707",1999-10-06,170
"1010","RSM00027707",1999-10-07,161
"1011","RSM00027707",1999-10-08,131
"1012","RSM00027707",1999-10-09,105
"1013","RSM00027707",1999-10-10,91
"1014","RSM00027707",1999-10-11,61
"1015","RSM00027707",1999-10-12,77
"1016","RSM00027707",1999-10-13,63
"1017","RSM00027707",1999-10-14,51
"1018","RSM00027707",1999-10-15,41
"1019","RSM00027707",1999-10-16,42
"1020","RSM00027707",1999-10-17,34
"1021","RSM00027707",1999-10-18,6
"1022","RSM00027707",1999-10-19,-2
"1023","RSM00027707",1999-10-20,-7
"1024","RSM00027707",1999-10-21,-10
"1025","RSM00027707",1999-10-22,10
"1026","RSM00027707",1999-10-23,7
"1027","RSM00027707",1999-10-24,-4
"1028","RSM00027707",1999-10-25,7
"1029","RSM00027707",1999-10-26,39
"1030","RSM00027707",1999-10-27,86
"1031","RSM00027707",1999-10-28,66
"1032","RSM00027707",1999-10-29,32
"1033","RSM00027707",1999-10-30,34
"1034","RSM00027707",1999-10-31,54
"1035","RSM00027707",1999-11-01,29
"1036","RSM00027707",1999-11-02,62
"1037","RSM00027707",1999-11-03,66
"1038","RSM00027707",1999-11-04,53
"1039","RSM00027707",1999-11-05,28
"1040","RSM00027707",1999-11-06,37
"1041","RSM00027707",1999-11-07,-17
"1042","RSM00027707",1999-11-08,-79
"1043","RSM00027707",1999-11-09,-91
"1044","RSM00027707",1999-11-10,-65
"1045","RSM00027707",1999-11-11,-34
"1046","RSM00027707",1999-11-12,17
"1047","RSM00027707",1999-11-13,-9
"1048","RSM00027707",1999-11-14,29
"1049","RSM00027707",1999-11-15,-18
"1050","RSM00027707",1999-11-16,-75
"1051","RSM00027707",1999-11-17,-100
"1052","RSM00027707",1999-11-18,-104
"1053","RSM00027707",1999-11-19,-92
"1054","RSM00027707",1999-11-20,-136
"1055","RSM00027707",1999-11-21,-74
"1056","RSM00027707",1999-11-22,-45
"1057","RSM00027707",1999-11-23,-32
"1058","RSM00027707",1999-11-24,-129
"1059","RSM00027707",1999-11-25,-174
"1060","RSM00027707",1999-11-26,-162
"1061","RSM00027707",1999-11-27,-110
"1062","RSM00027707",1999-11-28,-59
"1063","RSM00027707",1999-11-29,-6
"1064","RSM00027707",1999-11-30,3
"1065","RSM00027707",1999-12-01,2
"1066","RSM00027707",1999-12-02,15
"1067","RSM00027707",1999-12-03,-4
"1068","RSM00027707",1999-12-04,0
"1069","RSM00027707",1999-12-05,7
"1070","RSM00027707",1999-12-06,-62
"1071","RSM00027707",1999-12-07,-71
"1072","RSM00027707",1999-12-08,-4
"1073","RSM00027707",1999-12-09,13
"1074","RSM00027707",1999-12-10,5
"1075","RSM00027707",1999-12-11,11
"1076","RSM00027707",1999-12-12,13
"1077","RSM00027707",1999-12-13,39
"1078","RSM00027707",1999-12-14,-4
"1079","RSM00027707",1999-12-15,7
"1080","RSM00027707",1999-12-16,2
"1081","RSM00027707",1999-12-17,-21
"1082","RSM00027707",1999-12-18,-46
"1083","RSM00027707",1999-12-19,-21
"1084","RSM00027707",1999-12-20,-43
"1085","RSM00027707",1999-12-21,-44
"1086","RSM00027707",1999-12-22,-74
"1087","RSM00027707",1999-12-23,-42
"1088","RSM00027707",1999-12-24,-64
"1089","RSM00027707",1999-12-25,-103
"1090","RSM00027707",1999-12-26,-71
"1091","RSM00027707",1999-12-27,-50
"1092","RSM00027707",1999-12-28,-7
"1093","RSM00027707",1999-12-29,-24
"1094","RSM00027707",1999-12-30,-20
"1095","RSM00027707",1999-12-31,-50
"1096","RSM00027906",1999-01-01,-113
"1097","RSM00027906",1999-01-02,-57
"1098","RSM00027906",1999-01-03,-48
"1099","RSM00027906",1999-01-04,-22
"1100","RSM00027906",1999-01-05,-2
"1101","RSM00027906",1999-01-06,16
"1102","RSM00027906",1999-01-07,26
"1103","RSM00027906",1999-01-08,-30
"1104","RSM00027906",1999-01-09,-124
"1105","RSM00027906",1999-01-10,NA
"1106","RSM00027906",1999-01-11,-132
"1107","RSM00027906",1999-01-12,-149
"1108","RSM00027906",1999-01-13,-49
"1109","RSM00027906",1999-01-14,-14
"1110","RSM00027906",1999-01-15,-3
"1111","RSM00027906",1999-01-16,-12
"1112","RSM00027906",1999-01-17,-34
"1113","RSM00027906",1999-01-18,-41
"1114","RSM00027906",1999-01-19,-55
"1115","RSM00027906",1999-01-20,-59
"1116","RSM00027906",1999-01-21,-64
"1117","RSM00027906",1999-01-22,-46
"1118","RSM00027906",1999-01-23,-18
"1119","RSM00027906",1999-01-24,-13
"1120","RSM00027906",1999-01-25,-9
"1121","RSM00027906",1999-01-26,17
"1122","RSM00027906",1999-01-27,12
"1123","RSM00027906",1999-01-28,2
"1124","RSM00027906",1999-01-29,3
"1125","RSM00027906",1999-01-30,-25
"1126","RSM00027906",1999-01-31,-101
"1127","RSM00027906",1999-02-01,-91
"1128","RSM00027906",1999-02-02,-90
"1129","RSM00027906",1999-02-03,-234
"1130","RSM00027906",1999-02-04,-154
"1131","RSM00027906",1999-02-05,-2
"1132","RSM00027906",1999-02-06,-5
"1133","RSM00027906",1999-02-07,-39
"1134","RSM00027906",1999-02-08,-86
"1135","RSM00027906",1999-02-09,-29
"1136","RSM00027906",1999-02-10,-61
"1137","RSM00027906",1999-02-11,9
"1138","RSM00027906",1999-02-12,2
"1139","RSM00027906",1999-02-13,-42
"1140","RSM00027906",1999-02-14,-28
"1141","RSM00027906",1999-02-15,-16
"1142","RSM00027906",1999-02-16,-18
"1143","RSM00027906",1999-02-17,-17
"1144","RSM00027906",1999-02-18,-8
"1145","RSM00027906",1999-02-19,-18
"1146","RSM00027906",1999-02-20,-64
"1147","RSM00027906",1999-02-21,-89
"1148","RSM00027906",1999-02-22,-58
"1149","RSM00027906",1999-02-23,-7
"1150","RSM00027906",1999-02-24,12
"1151","RSM00027906",1999-02-25,-13
"1152","RSM00027906",1999-02-26,-27
"1153","RSM00027906",1999-02-27,-69
"1154","RSM00027906",1999-02-28,-65
"1155","RSM00027906",1999-03-01,3
"1156","RSM00027906",1999-03-02,9
"1157","RSM00027906",1999-03-03,-3
"1158","RSM00027906",1999-03-04,13
"1159","RSM00027906",1999-03-05,37
"1160","RSM00027906",1999-03-06,26
"1161","RSM00027906",1999-03-07,14
"1162","RSM00027906",1999-03-08,-62
"1163","RSM00027906",1999-03-09,-93
"1164","RSM00027906",1999-03-10,-68
"1165","RSM00027906",1999-03-11,-26
"1166","RSM00027906",1999-03-12,-3
"1167","RSM00027906",1999-03-13,-19
"1168","RSM00027906",1999-03-14,-53
"1169","RSM00027906",1999-03-15,-75
"1170","RSM00027906",1999-03-16,-84
"1171","RSM00027906",1999-03-17,-93
"1172","RSM00027906",1999-03-18,-82
"1173","RSM00027906",1999-03-19,-52
"1174","RSM00027906",1999-03-20,-11
"1175","RSM00027906",1999-03-21,-42
"1176","RSM00027906",1999-03-22,-6
"1177","RSM00027906",1999-03-23,11
"1178","RSM00027906",1999-03-24,33
"1179","RSM00027906",1999-03-25,17
"1180","RSM00027906",1999-03-26,15
"1181","RSM00027906",1999-03-27,41
"1182","RSM00027906",1999-03-28,54
"1183","RSM00027906",1999-03-29,59
"1184","RSM00027906",1999-03-30,66
"1185","RSM00027906",1999-03-31,54
"1186","RSM00027906",1999-04-01,62
"1187","RSM00027906",1999-04-02,63
"1188","RSM00027906",1999-04-03,27
"1189","RSM00027906",1999-04-04,25
"1190","RSM00027906",1999-04-05,-17
"1191","RSM00027906",1999-04-06,30
"1192","RSM00027906",1999-04-07,64
"1193","RSM00027906",1999-04-08,88
"1194","RSM00027906",1999-04-09,75
"1195","RSM00027906",1999-04-10,114
"1196","RSM00027906",1999-04-11,109
"1197","RSM00027906",1999-04-12,102
"1198","RSM00027906",1999-04-13,73
"1199","RSM00027906",1999-04-14,92
"1200","RSM00027906",1999-04-15,120
"1201","RSM00027906",1999-04-16,135
"1202","RSM00027906",1999-04-17,152
"1203","RSM00027906",1999-04-18,163
"1204","RSM00027906",1999-04-19,147
"1205","RSM00027906",1999-04-20,122
"1206","RSM00027906",1999-04-21,86
"1207","RSM00027906",1999-04-22,110
"1208","RSM00027906",1999-04-23,107
"1209","RSM00027906",1999-04-24,112
"1210","RSM00027906",1999-04-25,124
"1211","RSM00027906",1999-04-26,142
"1212","RSM00027906",1999-04-27,153
"1213","RSM00027906",1999-04-28,166
"1214","RSM00027906",1999-04-29,157
"1215","RSM00027906",1999-04-30,99
"1216","RSM00027906",1999-05-01,90
"1217","RSM00027906",1999-05-02,71
"1218","RSM00027906",1999-05-03,42
"1219","RSM00027906",1999-05-04,24
"1220","RSM00027906",1999-05-05,24
"1221","RSM00027906",1999-05-06,32
"1222","RSM00027906",1999-05-07,63
"1223","RSM00027906",1999-05-08,84
"1224","RSM00027906",1999-05-09,68
"1225","RSM00027906",1999-05-10,54
"1226","RSM00027906",1999-05-11,101
"1227","RSM00027906",1999-05-12,38
"1228","RSM00027906",1999-05-13,37
"1229","RSM00027906",1999-05-14,66
"1230","RSM00027906",1999-05-15,73
"1231","RSM00027906",1999-05-16,102
"1232","RSM00027906",1999-05-17,91
"1233","RSM00027906",1999-05-18,77
"1234","RSM00027906",1999-05-19,68
"1235","RSM00027906",1999-05-20,86
"1236","RSM00027906",1999-05-21,106
"1237","RSM00027906",1999-05-22,119
"1238","RSM00027906",1999-05-23,163
"1239","RSM00027906",1999-05-24,172
"1240","RSM00027906",1999-05-25,169
"1241","RSM00027906",1999-05-26,169
"1242","RSM00027906",1999-05-27,183
"1243","RSM00027906",1999-05-28,178
"1244","RSM00027906",1999-05-29,165
"1245","RSM00027906",1999-05-30,197
"1246","RSM00027906",1999-05-31,184
"1247","RSM00027906",1999-06-01,131
"1248","RSM00027906",1999-06-02,121
"1249","RSM00027906",1999-06-03,145
"1250","RSM00027906",1999-06-04,164
"1251","RSM00027906",1999-06-05,184
"1252","RSM00027906",1999-06-06,208
"1253","RSM00027906",1999-06-07,221
"1254","RSM00027906",1999-06-08,218
"1255","RSM00027906",1999-06-09,231
"1256","RSM00027906",1999-06-10,253
"1257","RSM00027906",1999-06-11,253
"1258","RSM00027906",1999-06-12,238
"1259","RSM00027906",1999-06-13,228
"1260","RSM00027906",1999-06-14,182
"1261","RSM00027906",1999-06-15,199
"1262","RSM00027906",1999-06-16,225
"1263","RSM00027906",1999-06-17,229
"1264","RSM00027906",1999-06-18,231
"1265","RSM00027906",1999-06-19,228
"1266","RSM00027906",1999-06-20,213
"1267","RSM00027906",1999-06-21,199
"1268","RSM00027906",1999-06-22,217
"1269","RSM00027906",1999-06-23,244
"1270","RSM00027906",1999-06-24,237
"1271","RSM00027906",1999-06-25,232
"1272","RSM00027906",1999-06-26,237
"1273","RSM00027906",1999-06-27,238
"1274","RSM00027906",1999-06-28,221
"1275","RSM00027906",1999-06-29,234
"1276","RSM00027906",1999-06-30,225
"1277","RSM00027906",1999-07-01,236
"1278","RSM00027906",1999-07-02,242
"1279","RSM00027906",1999-07-03,223
"1280","RSM00027906",1999-07-04,226
"1281","RSM00027906",1999-07-05,241
"1282","RSM00027906",1999-07-06,258
"1283","RSM00027906",1999-07-07,262
"1284","RSM00027906",1999-07-08,276
"1285","RSM00027906",1999-07-09,233
"1286","RSM00027906",1999-07-10,180
"1287","RSM00027906",1999-07-11,185
"1288","RSM00027906",1999-07-12,203
"1289","RSM00027906",1999-07-13,229
"1290","RSM00027906",1999-07-14,242
"1291","RSM00027906",1999-07-15,259
"1292","RSM00027906",1999-07-16,251
"1293","RSM00027906",1999-07-17,224
"1294","RSM00027906",1999-07-18,211
"1295","RSM00027906",1999-07-19,194
"1296","RSM00027906",1999-07-20,170
"1297","RSM00027906",1999-07-21,185
"1298","RSM00027906",1999-07-22,222
"1299","RSM00027906",1999-07-23,238
"1300","RSM00027906",1999-07-24,243
"1301","RSM00027906",1999-07-25,224
"1302","RSM00027906",1999-07-26,223
"1303","RSM00027906",1999-07-27,232
"1304","RSM00027906",1999-07-28,228
"1305","RSM00027906",1999-07-29,201
"1306","RSM00027906",1999-07-30,215
"1307","RSM00027906",1999-07-31,194
"1308","RSM00027906",1999-08-01,147
"1309","RSM00027906",1999-08-02,126
"1310","RSM00027906",1999-08-03,139
"1311","RSM00027906",1999-08-04,149
"1312","RSM00027906",1999-08-05,161
"1313","RSM00027906",1999-08-06,177
"1314","RSM00027906",1999-08-07,200
"1315","RSM00027906",1999-08-08,207
"1316","RSM00027906",1999-08-09,209
"1317","RSM00027906",1999-08-10,199
"1318","RSM00027906",1999-08-11,223
"1319","RSM00027906",1999-08-12,201
"1320","RSM00027906",1999-08-13,212
"1321","RSM00027906",1999-08-14,187
"1322","RSM00027906",1999-08-15,157
"1323","RSM00027906",1999-08-16,168
"1324","RSM00027906",1999-08-17,168
"1325","RSM00027906",1999-08-18,163
"1326","RSM00027906",1999-08-19,176
"1327","RSM00027906",1999-08-20,199
"1328","RSM00027906",1999-08-21,168
"1329","RSM00027906",1999-08-22,151
"1330","RSM00027906",1999-08-23,136
"1331","RSM00027906",1999-08-24,136
"1332","RSM00027906",1999-08-25,147
"1333","RSM00027906",1999-08-26,151
"1334","RSM00027906",1999-08-27,153
"1335","RSM00027906",1999-08-28,153
"1336","RSM00027906",1999-08-29,174
"1337","RSM00027906",1999-08-30,168
"1338","RSM00027906",1999-08-31,155
"1339","RSM00027906",1999-09-01,124
"1340","RSM00027906",1999-09-02,106
"1341","RSM00027906",1999-09-03,122
"1342","RSM00027906",1999-09-04,142
"1343","RSM00027906",1999-09-05,156
"1344","RSM00027906",1999-09-06,172
"1345","RSM00027906",1999-09-07,188
"1346","RSM00027906",1999-09-08,204
"1347","RSM00027906",1999-09-09,188
"1348","RSM00027906",1999-09-10,157
"1349","RSM00027906",1999-09-11,130
"1350","RSM00027906",1999-09-12,91
"1351","RSM00027906",1999-09-13,67
"1352","RSM00027906",1999-09-14,78
"1353","RSM00027906",1999-09-15,79
"1354","RSM00027906",1999-09-16,67
"1355","RSM00027906",1999-09-17,77
"1356","RSM00027906",1999-09-18,83
"1357","RSM00027906",1999-09-19,86
"1358","RSM00027906",1999-09-20,93
"1359","RSM00027906",1999-09-21,77
"1360","RSM00027906",1999-09-22,107
"1361","RSM00027906",1999-09-23,116
"1362","RSM00027906",1999-09-24,129
"1363","RSM00027906",1999-09-25,147
"1364","RSM00027906",1999-09-26,146
"1365","RSM00027906",1999-09-27,122
"1366","RSM00027906",1999-09-28,125
"1367","RSM00027906",1999-09-29,139
"1368","RSM00027906",1999-09-30,157
"1369","RSM00027906",1999-10-01,161
"1370","RSM00027906",1999-10-02,158
"1371","RSM00027906",1999-10-03,148
"1372","RSM00027906",1999-10-04,178
"1373","RSM00027906",1999-10-05,176
"1374","RSM00027906",1999-10-06,179
"1375","RSM00027906",1999-10-07,176
"1376","RSM00027906",1999-10-08,177
"1377","RSM00027906",1999-10-09,101
"1378","RSM00027906",1999-10-10,97
"1379","RSM00027906",1999-10-11,68
"1380","RSM00027906",1999-10-12,81
"1381","RSM00027906",1999-10-13,65
"1382","RSM00027906",1999-10-14,52
"1383","RSM00027906",1999-10-15,58
"1384","RSM00027906",1999-10-16,49
"1385","RSM00027906",1999-10-17,35
"1386","RSM00027906",1999-10-18,16
"1387","RSM00027906",1999-10-19,3
"1388","RSM00027906",1999-10-20,-4
"1389","RSM00027906",1999-10-21,-9
"1390","RSM00027906",1999-10-22,12
"1391","RSM00027906",1999-10-23,17
"1392","RSM00027906",1999-10-24,8
"1393","RSM00027906",1999-10-25,10
"1394","RSM00027906",1999-10-26,38
"1395","RSM00027906",1999-10-27,84
"1396","RSM00027906",1999-10-28,69
"1397","RSM00027906",1999-10-29,41
"1398","RSM00027906",1999-10-30,39
"1399","RSM00027906",1999-10-31,60
"1400","RSM00027906",1999-11-01,38
"1401","RSM00027906",1999-11-02,72
"1402","RSM00027906",1999-11-03,77
"1403","RSM00027906",1999-11-04,57
"1404","RSM00027906",1999-11-05,23
"1405","RSM00027906",1999-11-06,21
"1406","RSM00027906",1999-11-07,-7
"1407","RSM00027906",1999-11-08,-70
"1408","RSM00027906",1999-11-09,-83
"1409","RSM00027906",1999-11-10,-59
"1410","RSM00027906",1999-11-11,-32
"1411","RSM00027906",1999-11-12,19
"1412","RSM00027906",1999-11-13,2
"1413","RSM00027906",1999-11-14,22
"1414","RSM00027906",1999-11-15,-3
"1415","RSM00027906",1999-11-16,-49
"1416","RSM00027906",1999-11-17,-89
"1417","RSM00027906",1999-11-18,-71
"1418","RSM00027906",1999-11-19,-77
"1419","RSM00027906",1999-11-20,-97
"1420","RSM00027906",1999-11-21,-53
"1421","RSM00027906",1999-11-22,-28
"1422","RSM00027906",1999-11-23,-44
"1423","RSM00027906",1999-11-24,-130
"1424","RSM00027906",1999-11-25,-165
"1425","RSM00027906",1999-11-26,-144
"1426","RSM00027906",1999-11-27,-112
"1427","RSM00027906",1999-11-28,-65
"1428","RSM00027906",1999-11-29,-8
"1429","RSM00027906",1999-11-30,-4
"1430","RSM00027906",1999-12-01,7
"1431","RSM00027906",1999-12-02,22
"1432","RSM00027906",1999-12-03,8
"1433","RSM00027906",1999-12-04,9
"1434","RSM00027906",1999-12-05,5
"1435","RSM00027906",1999-12-06,-46
"1436","RSM00027906",1999-12-07,-46
"1437","RSM00027906",1999-12-08,-1
"1438","RSM00027906",1999-12-09,14
"1439","RSM00027906",1999-12-10,12
"1440","RSM00027906",1999-12-11,12
"1441","RSM00027906",1999-12-12,24
"1442","RSM00027906",1999-12-13,28
"1443","RSM00027906",1999-12-14,-2
"1444","RSM00027906",1999-12-15,11
"1445","RSM00027906",1999-12-16,7
"1446","RSM00027906",1999-12-17,-14
"1447","RSM00027906",1999-12-18,-32
"1448","RSM00027906",1999-12-19,-12
"1449","RSM00027906",1999-12-20,-26
"1450","RSM00027906",1999-12-21,-39
"1451","RSM00027906",1999-12-22,-77
"1452","RSM00027906",1999-12-23,-52
"1453","RSM00027906",1999-12-24,-85
"1454","RSM00027906",1999-12-25,-104
"1455","RSM00027906",1999-12-26,-63
"1456","RSM00027906",1999-12-27,-26
"1457","RSM00027906",1999-12-28,2
"1458","RSM00027906",1999-12-29,-10
"1459","RSM00027906",1999-12-30,-23
"1460","RSM00027906",1999-12-31,-39
"1461","RSM00026882",1999-01-01,-69
"1462","RSM00026882",1999-01-02,-49
"1463","RSM00026882",1999-01-03,-46
"1464","RSM00026882",1999-01-04,-31
"1465","RSM00026882",1999-01-05,4
"1466","RSM00026882",1999-01-06,13
"1467","RSM00026882",1999-01-07,25
"1468","RSM00026882",1999-01-08,-55
"1469","RSM00026882",1999-01-09,-76
"1470","RSM00026882",1999-01-10,NA
"1471","RSM00026882",1999-01-11,-149
"1472","RSM00026882",1999-01-12,-121
"1473","RSM00026882",1999-01-13,-42
"1474","RSM00026882",1999-01-14,-31
"1475","RSM00026882",1999-01-15,-22
"1476","RSM00026882",1999-01-16,-13
"1477","RSM00026882",1999-01-17,-17
"1478","RSM00026882",1999-01-18,-32
"1479","RSM00026882",1999-01-19,-39
"1480","RSM00026882",1999-01-20,-54
"1481","RSM00026882",1999-01-21,-39
"1482","RSM00026882",1999-01-22,-52
"1483","RSM00026882",1999-01-23,-9
"1484","RSM00026882",1999-01-24,-17
"1485","RSM00026882",1999-01-25,-4
"1486","RSM00026882",1999-01-26,20
"1487","RSM00026882",1999-01-27,-3
"1488","RSM00026882",1999-01-28,-13
"1489","RSM00026882",1999-01-29,-52
"1490","RSM00026882",1999-01-30,-130
"1491","RSM00026882",1999-01-31,-154
"1492","RSM00026882",1999-02-01,-103
"1493","RSM00026882",1999-02-02,-73
"1494","RSM00026882",1999-02-03,-207
"1495","RSM00026882",1999-02-04,-117
"1496","RSM00026882",1999-02-05,0
"1497","RSM00026882",1999-02-06,-11
"1498","RSM00026882",1999-02-07,-68
"1499","RSM00026882",1999-02-08,-133
"1500","RSM00026882",1999-02-09,-32
"1501","RSM00026882",1999-02-10,-67
"1502","RSM00026882",1999-02-11,-58
"1503","RSM00026882",1999-02-12,-57
"1504","RSM00026882",1999-02-13,-77
"1505","RSM00026882",1999-02-14,-53
"1506","RSM00026882",1999-02-15,-21
"1507","RSM00026882",1999-02-16,-12
"1508","RSM00026882",1999-02-17,-26
"1509","RSM00026882",1999-02-18,-36
"1510","RSM00026882",1999-02-19,-53
"1511","RSM00026882",1999-02-20,-92
"1512","RSM00026882",1999-02-21,-92
"1513","RSM00026882",1999-02-22,-41
"1514","RSM00026882",1999-02-23,-7
"1515","RSM00026882",1999-02-24,-9
"1516","RSM00026882",1999-02-25,-21
"1517","RSM00026882",1999-02-26,-47
"1518","RSM00026882",1999-02-27,-66
"1519","RSM00026882",1999-02-28,-53
"1520","RSM00026882",1999-03-01,13
"1521","RSM00026882",1999-03-02,7
"1522","RSM00026882",1999-03-03,1
"1523","RSM00026882",1999-03-04,11
"1524","RSM00026882",1999-03-05,26
"1525","RSM00026882",1999-03-06,18
"1526","RSM00026882",1999-03-07,3
"1527","RSM00026882",1999-03-08,-62
"1528","RSM00026882",1999-03-09,-90
"1529","RSM00026882",1999-03-10,-79
"1530","RSM00026882",1999-03-11,-31
"1531","RSM00026882",1999-03-12,-7
"1532","RSM00026882",1999-03-13,-23
"1533","RSM00026882",1999-03-14,-47
"1534","RSM00026882",1999-03-15,-54
"1535","RSM00026882",1999-03-16,-66
"1536","RSM00026882",1999-03-17,-57
"1537","RSM00026882",1999-03-18,-53
"1538","RSM00026882",1999-03-19,-28
"1539","RSM00026882",1999-03-20,-2
"1540","RSM00026882",1999-03-21,-38
"1541","RSM00026882",1999-03-22,-8
"1542","RSM00026882",1999-03-23,7
"1543","RSM00026882",1999-03-24,26
"1544","RSM00026882",1999-03-25,12
"1545","RSM00026882",1999-03-26,34
"1546","RSM00026882",1999-03-27,51
"1547","RSM00026882",1999-03-28,66
"1548","RSM00026882",1999-03-29,60
"1549","RSM00026882",1999-03-30,58
"1550","RSM00026882",1999-03-31,43
"1551","RSM00026882",1999-04-01,71
"1552","RSM00026882",1999-04-02,75
"1553","RSM00026882",1999-04-03,42
"1554","RSM00026882",1999-04-04,7
"1555","RSM00026882",1999-04-05,-14
"1556","RSM00026882",1999-04-06,29
"1557","RSM00026882",1999-04-07,60
"1558","RSM00026882",1999-04-08,62
"1559","RSM00026882",1999-04-09,63
"1560","RSM00026882",1999-04-10,85
"1561","RSM00026882",1999-04-11,97
"1562","RSM00026882",1999-04-12,74
"1563","RSM00026882",1999-04-13,61
"1564","RSM00026882",1999-04-14,92
"1565","RSM00026882",1999-04-15,106
"1566","RSM00026882",1999-04-16,128
"1567","RSM00026882",1999-04-17,144
"1568","RSM00026882",1999-04-18,143
"1569","RSM00026882",1999-04-19,151
"1570","RSM00026882",1999-04-20,125
"1571","RSM00026882",1999-04-21,68
"1572","RSM00026882",1999-04-22,93
"1573","RSM00026882",1999-04-23,103
"1574","RSM00026882",1999-04-24,108
"1575","RSM00026882",1999-04-25,120
"1576","RSM00026882",1999-04-26,132
"1577","RSM00026882",1999-04-27,149
"1578","RSM00026882",1999-04-28,161
"1579","RSM00026882",1999-04-29,158
"1580","RSM00026882",1999-04-30,83
"1581","RSM00026882",1999-05-01,82
"1582","RSM00026882",1999-05-02,59
"1583","RSM00026882",1999-05-03,28
"1584","RSM00026882",1999-05-04,24
"1585","RSM00026882",1999-05-05,24
"1586","RSM00026882",1999-05-06,37
"1587","RSM00026882",1999-05-07,73
"1588","RSM00026882",1999-05-08,59
"1589","RSM00026882",1999-05-09,49
"1590","RSM00026882",1999-05-10,82
"1591","RSM00026882",1999-05-11,73
"1592","RSM00026882",1999-05-12,23
"1593","RSM00026882",1999-05-13,43
"1594","RSM00026882",1999-05-14,79
"1595","RSM00026882",1999-05-15,73
"1596","RSM00026882",1999-05-16,89
"1597","RSM00026882",1999-05-17,83
"1598","RSM00026882",1999-05-18,93
"1599","RSM00026882",1999-05-19,116
"1600","RSM00026882",1999-05-20,104
"1601","RSM00026882",1999-05-21,131
"1602","RSM00026882",1999-05-22,143
"1603","RSM00026882",1999-05-23,163
"1604","RSM00026882",1999-05-24,154
"1605","RSM00026882",1999-05-25,164
"1606","RSM00026882",1999-05-26,166
"1607","RSM00026882",1999-05-27,141
"1608","RSM00026882",1999-05-28,144
"1609","RSM00026882",1999-05-29,164
"1610","RSM00026882",1999-05-30,190
"1611","RSM00026882",1999-05-31,144
"1612","RSM00026882",1999-06-01,113
"1613","RSM00026882",1999-06-02,125
"1614","RSM00026882",1999-06-03,160
"1615","RSM00026882",1999-06-04,172
"1616","RSM00026882",1999-06-05,198
"1617","RSM00026882",1999-06-06,211
"1618","RSM00026882",1999-06-07,217
"1619","RSM00026882",1999-06-08,227
"1620","RSM00026882",1999-06-09,237
"1621","RSM00026882",1999-06-10,252
"1622","RSM00026882",1999-06-11,234
"1623","RSM00026882",1999-06-12,216
"1624","RSM00026882",1999-06-13,214
"1625","RSM00026882",1999-06-14,184
"1626","RSM00026882",1999-06-15,202
"1627","RSM00026882",1999-06-16,219
"1628","RSM00026882",1999-06-17,204
"1629","RSM00026882",1999-06-18,199
"1630","RSM00026882",1999-06-19,211
"1631","RSM00026882",1999-06-20,213
"1632","RSM00026882",1999-06-21,209
"1633","RSM00026882",1999-06-22,204
"1634","RSM00026882",1999-06-23,222
"1635","RSM00026882",1999-06-24,231
"1636","RSM00026882",1999-06-25,241
"1637","RSM00026882",1999-06-26,231
"1638","RSM00026882",1999-06-27,221
"1639","RSM00026882",1999-06-28,218
"1640","RSM00026882",1999-06-29,240
"1641","RSM00026882",1999-06-30,237
"1642","RSM00026882",1999-07-01,238
"1643","RSM00026882",1999-07-02,233
"1644","RSM00026882",1999-07-03,201
"1645","RSM00026882",1999-07-04,211
"1646","RSM00026882",1999-07-05,233
"1647","RSM00026882",1999-07-06,247
"1648","RSM00026882",1999-07-07,267
"1649","RSM00026882",1999-07-08,271
"1650","RSM00026882",1999-07-09,187
"1651","RSM00026882",1999-07-10,183
"1652","RSM00026882",1999-07-11,188
"1653","RSM00026882",1999-07-12,209
"1654","RSM00026882",1999-07-13,235
"1655","RSM00026882",1999-07-14,246
"1656","RSM00026882",1999-07-15,248
"1657","RSM00026882",1999-07-16,214
"1658","RSM00026882",1999-07-17,169
"1659","RSM00026882",1999-07-18,156
"1660","RSM00026882",1999-07-19,174
"1661","RSM00026882",1999-07-20,182
"1662","RSM00026882",1999-07-21,196
"1663","RSM00026882",1999-07-22,228
"1664","RSM00026882",1999-07-23,213
"1665","RSM00026882",1999-07-24,193
"1666","RSM00026882",1999-07-25,191
"1667","RSM00026882",1999-07-26,206
"1668","RSM00026882",1999-07-27,198
"1669","RSM00026882",1999-07-28,167
"1670","RSM00026882",1999-07-29,174
"1671","RSM00026882",1999-07-30,157
"1672","RSM00026882",1999-07-31,145
"1673","RSM00026882",1999-08-01,162
"1674","RSM00026882",1999-08-02,159
"1675","RSM00026882",1999-08-03,151
"1676","RSM00026882",1999-08-04,163
"1677","RSM00026882",1999-08-05,164
"1678","RSM00026882",1999-08-06,194
"1679","RSM00026882",1999-08-07,192
"1680","RSM00026882",1999-08-08,181
"1681","RSM00026882",1999-08-09,212
"1682","RSM00026882",1999-08-10,219
"1683","RSM00026882",1999-08-11,193
"1684","RSM00026882",1999-08-12,184
"1685","RSM00026882",1999-08-13,167
"1686","RSM00026882",1999-08-14,163
"1687","RSM00026882",1999-08-15,143
"1688","RSM00026882",1999-08-16,143
"1689","RSM00026882",1999-08-17,138
"1690","RSM00026882",1999-08-18,140
"1691","RSM00026882",1999-08-19,163
"1692","RSM00026882",1999-08-20,192
"1693","RSM00026882",1999-08-21,156
"1694","RSM00026882",1999-08-22,149
"1695","RSM00026882",1999-08-23,122
"1696","RSM00026882",1999-08-24,124
"1697","RSM00026882",1999-08-25,132
"1698","RSM00026882",1999-08-26,138
"1699","RSM00026882",1999-08-27,159
"1700","RSM00026882",1999-08-28,156
"1701","RSM00026882",1999-08-29,153
"1702","RSM00026882",1999-08-30,145
"1703","RSM00026882",1999-08-31,143
"1704","RSM00026882",1999-09-01,114
"1705","RSM00026882",1999-09-02,108
"1706","RSM00026882",1999-09-03,124
"1707","RSM00026882",1999-09-04,138
"1708","RSM00026882",1999-09-05,161
"1709","RSM00026882",1999-09-06,174
"1710","RSM00026882",1999-09-07,178
"1711","RSM00026882",1999-09-08,191
"1712","RSM00026882",1999-09-09,189
"1713","RSM00026882",1999-09-10,143
"1714","RSM00026882",1999-09-11,128
"1715","RSM00026882",1999-09-12,84
"1716","RSM00026882",1999-09-13,64
"1717","RSM00026882",1999-09-14,74
"1718","RSM00026882",1999-09-15,62
"1719","RSM00026882",1999-09-16,69
"1720","RSM00026882",1999-09-17,83
"1721","RSM00026882",1999-09-18,85
"1722","RSM00026882",1999-09-19,85
"1723","RSM00026882",1999-09-20,97
"1724","RSM00026882",1999-09-21,95
"1725","RSM00026882",1999-09-22,107
"1726","RSM00026882",1999-09-23,123
"1727","RSM00026882",1999-09-24,132
"1728","RSM00026882",1999-09-25,139
"1729","RSM00026882",1999-09-26,141
"1730","RSM00026882",1999-09-27,118
"1731","RSM00026882",1999-09-28,133
"1732","RSM00026882",1999-09-29,138
"1733","RSM00026882",1999-09-30,144
"1734","RSM00026882",1999-10-01,167
"1735","RSM00026882",1999-10-02,138
"1736","RSM00026882",1999-10-03,142
"1737","RSM00026882",1999-10-04,171
"1738","RSM00026882",1999-10-05,164
"1739","RSM00026882",1999-10-06,162
"1740","RSM00026882",1999-10-07,118
"1741","RSM00026882",1999-10-08,93
"1742","RSM00026882",1999-10-09,79
"1743","RSM00026882",1999-10-10,69
"1744","RSM00026882",1999-10-11,61
"1745","RSM00026882",1999-10-12,74
"1746","RSM00026882",1999-10-13,57
"1747","RSM00026882",1999-10-14,52
"1748","RSM00026882",1999-10-15,28
"1749","RSM00026882",1999-10-16,34
"1750","RSM00026882",1999-10-17,37
"1751","RSM00026882",1999-10-18,5
"1752","RSM00026882",1999-10-19,2
"1753","RSM00026882",1999-10-20,-2
"1754","RSM00026882",1999-10-21,-1
"1755","RSM00026882",1999-10-22,9
"1756","RSM00026882",1999-10-23,-1
"1757","RSM00026882",1999-10-24,4
"1758","RSM00026882",1999-10-25,12
"1759","RSM00026882",1999-10-26,60
"1760","RSM00026882",1999-10-27,84
"1761","RSM00026882",1999-10-28,44
"1762","RSM00026882",1999-10-29,41
"1763","RSM00026882",1999-10-30,46
"1764","RSM00026882",1999-10-31,51
"1765","RSM00026882",1999-11-01,47
"1766","RSM00026882",1999-11-02,61
"1767","RSM00026882",1999-11-03,73
"1768","RSM00026882",1999-11-04,57
"1769","RSM00026882",1999-11-05,26
"1770","RSM00026882",1999-11-06,20
"1771","RSM00026882",1999-11-07,4
"1772","RSM00026882",1999-11-08,-68
"1773","RSM00026882",1999-11-09,-80
"1774","RSM00026882",1999-11-10,-83
"1775","RSM00026882",1999-11-11,-19
"1776","RSM00026882",1999-11-12,41
"1777","RSM00026882",1999-11-13,36
"1778","RSM00026882",1999-11-14,19
"1779","RSM00026882",1999-11-15,-24
"1780","RSM00026882",1999-11-16,-87
"1781","RSM00026882",1999-11-17,-101
"1782","RSM00026882",1999-11-18,-84
"1783","RSM00026882",1999-11-19,-73
"1784","RSM00026882",1999-11-20,-115
"1785","RSM00026882",1999-11-21,-61
"1786","RSM00026882",1999-11-22,-22
"1787","RSM00026882",1999-11-23,-25
"1788","RSM00026882",1999-11-24,-110
"1789","RSM00026882",1999-11-25,-162
"1790","RSM00026882",1999-11-26,-140
"1791","RSM00026882",1999-11-27,-36
"1792","RSM00026882",1999-11-28,-1
"1793","RSM00026882",1999-11-29,3
"1794","RSM00026882",1999-11-30,8
"1795","RSM00026882",1999-12-01,12
"1796","RSM00026882",1999-12-02,14
"1797","RSM00026882",1999-12-03,4
"1798","RSM00026882",1999-12-04,13
"1799","RSM00026882",1999-12-05,2
"1800","RSM00026882",1999-12-06,-64
"1801","RSM00026882",1999-12-07,-28
"1802","RSM00026882",1999-12-08,0
"1803","RSM00026882",1999-12-09,15
"1804","RSM00026882",1999-12-10,7
"1805","RSM00026882",1999-12-11,6
"1806","RSM00026882",1999-12-12,15
"1807","RSM00026882",1999-12-13,37
"1808","RSM00026882",1999-12-14,3
"1809","RSM00026882",1999-12-15,1
"1810","RSM00026882",1999-12-16,-7
"1811","RSM00026882",1999-12-17,-45
"1812","RSM00026882",1999-12-18,-33
"1813","RSM00026882",1999-12-19,-33
"1814","RSM00026882",1999-12-20,-41
"1815","RSM00026882",1999-12-21,-49
"1816","RSM00026882",1999-12-22,-81
"1817","RSM00026882",1999-12-23,-58
"1818","RSM00026882",1999-12-24,-100
"1819","RSM00026882",1999-12-25,-92
"1820","RSM00026882",1999-12-26,-50
"1821","RSM00026882",1999-12-27,-40
"1822","RSM00026882",1999-12-28,-27
"1823","RSM00026882",1999-12-29,-27
"1824","RSM00026882",1999-12-30,-38
"1825","RSM00026882",1999-12-31,-46
"1826","BOM00026887",1999-01-01,-67
"1827","BOM00026887",1999-01-02,-43
"1828","BOM00026887",1999-01-03,-38
"1829","BOM00026887",1999-01-04,-23
"1830","BOM00026887",1999-01-05,4
"1831","BOM00026887",1999-01-06,24
"1832","BOM00026887",1999-01-07,31
"1833","BOM00026887",1999-01-08,-33
"1834","BOM00026887",1999-01-09,-68
"1835","BOM00026887",1999-01-10,-58
"1836","BOM00026887",1999-01-11,-127
"1837","BOM00026887",1999-01-12,-127
"1838","BOM00026887",1999-01-13,-33
"1839","BOM00026887",1999-01-14,-22
"1840","BOM00026887",1999-01-15,-20
"1841","BOM00026887",1999-01-16,-10
"1842","BOM00026887",1999-01-17,-14
"1843","BOM00026887",1999-01-18,-29
"1844","BOM00026887",1999-01-19,-36
"1845","BOM00026887",1999-01-20,-42
"1846","BOM00026887",1999-01-21,-47
"1847","BOM00026887",1999-01-22,-61
"1848","BOM00026887",1999-01-23,-12
"1849","BOM00026887",1999-01-24,-16
"1850","BOM00026887",1999-01-25,-3
"1851","BOM00026887",1999-01-26,23
"1852","BOM00026887",1999-01-27,8
"1853","BOM00026887",1999-01-28,-7
"1854","BOM00026887",1999-01-29,-40
"1855","BOM00026887",1999-01-30,-132
"1856","BOM00026887",1999-01-31,-140
"1857","BOM00026887",1999-02-01,-98
"1858","BOM00026887",1999-02-02,-42
"1859","BOM00026887",1999-02-03,-178
"1860","BOM00026887",1999-02-04,-111
"1861","BOM00026887",1999-02-05,-3
"1862","BOM00026887",1999-02-06,-5
"1863","BOM00026887",1999-02-07,-50
"1864","BOM00026887",1999-02-08,-135
"1865","BOM00026887",1999-02-09,-28
"1866","BOM00026887",1999-02-10,-73
"1867","BOM00026887",1999-02-11,-55
"1868","BOM00026887",1999-02-12,-43
"1869","BOM00026887",1999-02-13,-50
"1870","BOM00026887",1999-02-14,-45
"1871","BOM00026887",1999-02-15,-17
"1872","BOM00026887",1999-02-16,-6
"1873","BOM00026887",1999-02-17,-24
"1874","BOM00026887",1999-02-18,-30
"1875","BOM00026887",1999-02-19,-47
"1876","BOM00026887",1999-02-20,-77
"1877","BOM00026887",1999-02-21,-95
"1878","BOM00026887",1999-02-22,-29
"1879","BOM00026887",1999-02-23,-4
"1880","BOM00026887",1999-02-24,-2
"1881","BOM00026887",1999-02-25,-20
"1882","BOM00026887",1999-02-26,-33
"1883","BOM00026887",1999-02-27,-61
"1884","BOM00026887",1999-02-28,-39
"1885","BOM00026887",1999-03-01,12
"1886","BOM00026887",1999-03-02,16
"1887","BOM00026887",1999-03-03,9
"1888","BOM00026887",1999-03-04,21
"1889","BOM00026887",1999-03-05,56
"1890","BOM00026887",1999-03-06,22
"1891","BOM00026887",1999-03-07,13
"1892","BOM00026887",1999-03-08,-34
"1893","BOM00026887",1999-03-09,-73
"1894","BOM00026887",1999-03-10,-65
"1895","BOM00026887",1999-03-11,-25
"1896","BOM00026887",1999-03-12,-4
"1897","BOM00026887",1999-03-13,-17
"1898","BOM00026887",1999-03-14,-36
"1899","BOM00026887",1999-03-15,-43
"1900","BOM00026887",1999-03-16,-65
"1901","BOM00026887",1999-03-17,-72
"1902","BOM00026887",1999-03-18,-65
"1903","BOM00026887",1999-03-19,-40
"1904","BOM00026887",1999-03-20,10
"1905","BOM00026887",1999-03-21,-21
"1906","BOM00026887",1999-03-22,-7
"1907","BOM00026887",1999-03-23,5
"1908","BOM00026887",1999-03-24,31
"1909","BOM00026887",1999-03-25,19
"1910","BOM00026887",1999-03-26,51
"1911","BOM00026887",1999-03-27,59
"1912","BOM00026887",1999-03-28,76
"1913","BOM00026887",1999-03-29,65
"1914","BOM00026887",1999-03-30,70
"1915","BOM00026887",1999-03-31,78
"1916","BOM00026887",1999-04-01,63
"1917","BOM00026887",1999-04-02,78
"1918","BOM00026887",1999-04-03,51
"1919","BOM00026887",1999-04-04,22
"1920","BOM00026887",1999-04-05,-7
"1921","BOM00026887",1999-04-06,41
"1922","BOM00026887",1999-04-07,81
"1923","BOM00026887",1999-04-08,83
"1924","BOM00026887",1999-04-09,71
"1925","BOM00026887",1999-04-10,92
"1926","BOM00026887",1999-04-11,107
"1927","BOM00026887",1999-04-12,85
"1928","BOM00026887",1999-04-13,66
"1929","BOM00026887",1999-04-14,92
"1930","BOM00026887",1999-04-15,118
"1931","BOM00026887",1999-04-16,125
"1932","BOM00026887",1999-04-17,159
"1933","BOM00026887",1999-04-18,147
"1934","BOM00026887",1999-04-19,155
"1935","BOM00026887",1999-04-20,114
"1936","BOM00026887",1999-04-21,87
"1937","BOM00026887",1999-04-22,105
"1938","BOM00026887",1999-04-23,118
"1939","BOM00026887",1999-04-24,121
"1940","BOM00026887",1999-04-25,118
"1941","BOM00026887",1999-04-26,131
"1942","BOM00026887",1999-04-27,139
"1943","BOM00026887",1999-04-28,161
"1944","BOM00026887",1999-04-29,171
"1945","BOM00026887",1999-04-30,100
"1946","BOM00026887",1999-05-01,93
"1947","BOM00026887",1999-05-02,75
"1948","BOM00026887",1999-05-03,40
"1949","BOM00026887",1999-05-04,23
"1950","BOM00026887",1999-05-05,27
"1951","BOM00026887",1999-05-06,37
"1952","BOM00026887",1999-05-07,75
"1953","BOM00026887",1999-05-08,77
"1954","BOM00026887",1999-05-09,67
"1955","BOM00026887",1999-05-10,96
"1956","BOM00026887",1999-05-11,104
"1957","BOM00026887",1999-05-12,37
"1958","BOM00026887",1999-05-13,41
"1959","BOM00026887",1999-05-14,64
"1960","BOM00026887",1999-05-15,66
"1961","BOM00026887",1999-05-16,81
"1962","BOM00026887",1999-05-17,77
"1963","BOM00026887",1999-05-18,98
"1964","BOM00026887",1999-05-19,123
"1965","BOM00026887",1999-05-20,125
"1966","BOM00026887",1999-05-21,120
"1967","BOM00026887",1999-05-22,150
"1968","BOM00026887",1999-05-23,174
"1969","BOM00026887",1999-05-24,163
"1970","BOM00026887",1999-05-25,159
"1971","BOM00026887",1999-05-26,166
"1972","BOM00026887",1999-05-27,155
"1973","BOM00026887",1999-05-28,154
"1974","BOM00026887",1999-05-29,171
"1975","BOM00026887",1999-05-30,195
"1976","BOM00026887",1999-05-31,172
"1977","BOM00026887",1999-06-01,117
"1978","BOM00026887",1999-06-02,126
"1979","BOM00026887",1999-06-03,163
"1980","BOM00026887",1999-06-04,173
"1981","BOM00026887",1999-06-05,199
"1982","BOM00026887",1999-06-06,207
"1983","BOM00026887",1999-06-07,213
"1984","BOM00026887",1999-06-08,215
"1985","BOM00026887",1999-06-09,232
"1986","BOM00026887",1999-06-10,234
"1987","BOM00026887",1999-06-11,234
"1988","BOM00026887",1999-06-12,233
"1989","BOM00026887",1999-06-13,226
"1990","BOM00026887",1999-06-14,189
"1991","BOM00026887",1999-06-15,204
"1992","BOM00026887",1999-06-16,213
"1993","BOM00026887",1999-06-17,224
"1994","BOM00026887",1999-06-18,224
"1995","BOM00026887",1999-06-19,230
"1996","BOM00026887",1999-06-20,226
"1997","BOM00026887",1999-06-21,211
"1998","BOM00026887",1999-06-22,208
"1999","BOM00026887",1999-06-23,220
"2000","BOM00026887",1999-06-24,226
"2001","BOM00026887",1999-06-25,221
"2002","BOM00026887",1999-06-26,210
"2003","BOM00026887",1999-06-27,202
"2004","BOM00026887",1999-06-28,224
"2005","BOM00026887",1999-06-29,238
"2006","BOM00026887",1999-06-30,234
"2007","BOM00026887",1999-07-01,235
"2008","BOM00026887",1999-07-02,241
"2009","BOM00026887",1999-07-03,211
"2010","BOM00026887",1999-07-04,216
"2011","BOM00026887",1999-07-05,234
"2012","BOM00026887",1999-07-06,254
"2013","BOM00026887",1999-07-07,264
"2014","BOM00026887",1999-07-08,264
"2015","BOM00026887",1999-07-09,202
"2016","BOM00026887",1999-07-10,188
"2017","BOM00026887",1999-07-11,197
"2018","BOM00026887",1999-07-12,205
"2019","BOM00026887",1999-07-13,226
"2020","BOM00026887",1999-07-14,238
"2021","BOM00026887",1999-07-15,238
"2022","BOM00026887",1999-07-16,221
"2023","BOM00026887",1999-07-17,180
"2024","BOM00026887",1999-07-18,152
"2025","BOM00026887",1999-07-19,158
"2026","BOM00026887",1999-07-20,183
"2027","BOM00026887",1999-07-21,203
"2028","BOM00026887",1999-07-22,223
"2029","BOM00026887",1999-07-23,215
"2030","BOM00026887",1999-07-24,214
"2031","BOM00026887",1999-07-25,211
"2032","BOM00026887",1999-07-26,214
"2033","BOM00026887",1999-07-27,204
"2034","BOM00026887",1999-07-28,179
"2035","BOM00026887",1999-07-29,179
"2036","BOM00026887",1999-07-30,173
"2037","BOM00026887",1999-07-31,153
"2038","BOM00026887",1999-08-01,165
"2039","BOM00026887",1999-08-02,171
"2040","BOM00026887",1999-08-03,168
"2041","BOM00026887",1999-08-04,157
"2042","BOM00026887",1999-08-05,176
"2043","BOM00026887",1999-08-06,187
"2044","BOM00026887",1999-08-07,197
"2045","BOM00026887",1999-08-08,203
"2046","BOM00026887",1999-08-09,226
"2047","BOM00026887",1999-08-10,218
"2048","BOM00026887",1999-08-11,196
"2049","BOM00026887",1999-08-12,183
"2050","BOM00026887",1999-08-13,166
"2051","BOM00026887",1999-08-14,157
"2052","BOM00026887",1999-08-15,149
"2053","BOM00026887",1999-08-16,153
"2054","BOM00026887",1999-08-17,139
"2055","BOM00026887",1999-08-18,145
"2056","BOM00026887",1999-08-19,167
"2057","BOM00026887",1999-08-20,206
"2058","BOM00026887",1999-08-21,176
"2059","BOM00026887",1999-08-22,157
"2060","BOM00026887",1999-08-23,136
"2061","BOM00026887",1999-08-24,128
"2062","BOM00026887",1999-08-25,138
"2063","BOM00026887",1999-08-26,141
"2064","BOM00026887",1999-08-27,145
"2065","BOM00026887",1999-08-28,151
"2066","BOM00026887",1999-08-29,159
"2067","BOM00026887",1999-08-30,146
"2068","BOM00026887",1999-08-31,157
"2069","BOM00026887",1999-09-01,133
"2070","BOM00026887",1999-09-02,121
"2071","BOM00026887",1999-09-03,113
"2072","BOM00026887",1999-09-04,131
"2073","BOM00026887",1999-09-05,147
"2074","BOM00026887",1999-09-06,172
"2075","BOM00026887",1999-09-07,179
"2076","BOM00026887",1999-09-08,188
"2077","BOM00026887",1999-09-09,193
"2078","BOM00026887",1999-09-10,156
"2079","BOM00026887",1999-09-11,134
"2080","BOM00026887",1999-09-12,99
"2081","BOM00026887",1999-09-13,74
"2082","BOM00026887",1999-09-14,85
"2083","BOM00026887",1999-09-15,72
"2084","BOM00026887",1999-09-16,70
"2085","BOM00026887",1999-09-17,93
"2086","BOM00026887",1999-09-18,92
"2087","BOM00026887",1999-09-19,84
"2088","BOM00026887",1999-09-20,90
"2089","BOM00026887",1999-09-21,94
"2090","BOM00026887",1999-09-22,108
"2091","BOM00026887",1999-09-23,128
"2092","BOM00026887",1999-09-24,141
"2093","BOM00026887",1999-09-25,149
"2094","BOM00026887",1999-09-26,140
"2095","BOM00026887",1999-09-27,127
"2096","BOM00026887",1999-09-28,138
"2097","BOM00026887",1999-09-29,135
"2098","BOM00026887",1999-09-30,149
"2099","BOM00026887",1999-10-01,175
"2100","BOM00026887",1999-10-02,154
"2101","BOM00026887",1999-10-03,128
"2102","BOM00026887",1999-10-04,184
"2103","BOM00026887",1999-10-05,167
"2104","BOM00026887",1999-10-06,162
"2105","BOM00026887",1999-10-07,127
"2106","BOM00026887",1999-10-08,95
"2107","BOM00026887",1999-10-09,78
"2108","BOM00026887",1999-10-10,81
"2109","BOM00026887",1999-10-11,64
"2110","BOM00026887",1999-10-12,82
"2111","BOM00026887",1999-10-13,69
"2112","BOM00026887",1999-10-14,60
"2113","BOM00026887",1999-10-15,27
"2114","BOM00026887",1999-10-16,35
"2115","BOM00026887",1999-10-17,43
"2116","BOM00026887",1999-10-18,15
"2117","BOM00026887",1999-10-19,2
"2118","BOM00026887",1999-10-20,-3
"2119","BOM00026887",1999-10-21,1
"2120","BOM00026887",1999-10-22,-2
"2121","BOM00026887",1999-10-23,-14
"2122","BOM00026887",1999-10-24,11
"2123","BOM00026887",1999-10-25,16
"2124","BOM00026887",1999-10-26,61
"2125","BOM00026887",1999-10-27,86
"2126","BOM00026887",1999-10-28,58
"2127","BOM00026887",1999-10-29,44
"2128","BOM00026887",1999-10-30,52
"2129","BOM00026887",1999-10-31,61
"2130","BOM00026887",1999-11-01,56
"2131","BOM00026887",1999-11-02,62
"2132","BOM00026887",1999-11-03,71
"2133","BOM00026887",1999-11-04,64
"2134","BOM00026887",1999-11-05,15
"2135","BOM00026887",1999-11-06,19
"2136","BOM00026887",1999-11-07,10
"2137","BOM00026887",1999-11-08,-32
"2138","BOM00026887",1999-11-09,-72
"2139","BOM00026887",1999-11-10,-55
"2140","BOM00026887",1999-11-11,-28
"2141","BOM00026887",1999-11-12,41
"2142","BOM00026887",1999-11-13,53
"2143","BOM00026887",1999-11-14,20
"2144","BOM00026887",1999-11-15,-11
"2145","BOM00026887",1999-11-16,-66
"2146","BOM00026887",1999-11-17,-91
"2147","BOM00026887",1999-11-18,-66
"2148","BOM00026887",1999-11-19,-59
"2149","BOM00026887",1999-11-20,-118
"2150","BOM00026887",1999-11-21,-48
"2151","BOM00026887",1999-11-22,-17
"2152","BOM00026887",1999-11-23,-14
"2153","BOM00026887",1999-11-24,-96
"2154","BOM00026887",1999-11-25,-179
"2155","BOM00026887",1999-11-26,-163
"2156","BOM00026887",1999-11-27,-34
"2157","BOM00026887",1999-11-28,2
"2158","BOM00026887",1999-11-29,7
"2159","BOM00026887",1999-11-30,9
"2160","BOM00026887",1999-12-01,10
"2161","BOM00026887",1999-12-02,20
"2162","BOM00026887",1999-12-03,10
"2163","BOM00026887",1999-12-04,15
"2164","BOM00026887",1999-12-05,5
"2165","BOM00026887",1999-12-06,-47
"2166","BOM00026887",1999-12-07,-28
"2167","BOM00026887",1999-12-08,-1
"2168","BOM00026887",1999-12-09,18
"2169","BOM00026887",1999-12-10,15
"2170","BOM00026887",1999-12-11,7
"2171","BOM00026887",1999-12-12,16
"2172","BOM00026887",1999-12-13,49
"2173","BOM00026887",1999-12-14,9
"2174","BOM00026887",1999-12-15,5
"2175","BOM00026887",1999-12-16,-4
"2176","BOM00026887",1999-12-17,-24
"2177","BOM00026887",1999-12-18,-30
"2178","BOM00026887",1999-12-19,-17
"2179","BOM00026887",1999-12-20,-38
"2180","BOM00026887",1999-12-21,-41
"2181","BOM00026887",1999-12-22,-72
"2182","BOM00026887",1999-12-23,-67
"2183","BOM00026887",1999-12-24,-98
"2184","BOM00026887",1999-12-25,-90
"2185","BOM00026887",1999-12-26,-44
"2186","BOM00026887",1999-12-27,-36
"2187","BOM00026887",1999-12-28,-27
"2188","BOM00026887",1999-12-29,-39
"2189","BOM00026887",1999-12-30,-26
"2190","BOM00026887",1999-12-31,-30
"2191","RSM00034003",1999-01-01,-112
"2192","RSM00034003",1999-01-02,-66
"2193","RSM00034003",1999-01-03,-54
"2194","RSM00034003",1999-01-04,-23
"2195","RSM00034003",1999-01-05,-14
"2196","RSM00034003",1999-01-06,11
"2197","RSM00034003",1999-01-07,18
"2198","RSM00034003",1999-01-08,-14
"2199","RSM00034003",1999-01-09,-118
"2200","RSM00034003",1999-01-10,-60
"2201","RSM00034003",1999-01-11,-102
"2202","RSM00034003",1999-01-12,-158
"2203","RSM00034003",1999-01-13,-62
"2204","RSM00034003",1999-01-14,-21
"2205","RSM00034003",1999-01-15,-1
"2206","RSM00034003",1999-01-16,-16
"2207","RSM00034003",1999-01-17,-20
"2208","RSM00034003",1999-01-18,-45
"2209","RSM00034003",1999-01-19,-65
"2210","RSM00034003",1999-01-20,-62
"2211","RSM00034003",1999-01-21,-85
"2212","RSM00034003",1999-01-22,-56
"2213","RSM00034003",1999-01-23,-33
"2214","RSM00034003",1999-01-24,-18
"2215","RSM00034003",1999-01-25,-22
"2216","RSM00034003",1999-01-26,8
"2217","RSM00034003",1999-01-27,13
"2218","RSM00034003",1999-01-28,-1
"2219","RSM00034003",1999-01-29,6
"2220","RSM00034003",1999-01-30,0
"2221","RSM00034003",1999-01-31,-75
"2222","RSM00034003",1999-02-01,-92
"2223","RSM00034003",1999-02-02,-69
"2224","RSM00034003",1999-02-03,-223
"2225","RSM00034003",1999-02-04,-187
"2226","RSM00034003",1999-02-05,-12
"2227","RSM00034003",1999-02-06,-3
"2228","RSM00034003",1999-02-07,-38
"2229","RSM00034003",1999-02-08,-64
"2230","RSM00034003",1999-02-09,-46
"2231","RSM00034003",1999-02-10,-59
"2232","RSM00034003",1999-02-11,5
"2233","RSM00034003",1999-02-12,17
"2234","RSM00034003",1999-02-13,-16
"2235","RSM00034003",1999-02-14,-22
"2236","RSM00034003",1999-02-15,-22
"2237","RSM00034003",1999-02-16,-18
"2238","RSM00034003",1999-02-17,-25
"2239","RSM00034003",1999-02-18,-9
"2240","RSM00034003",1999-02-19,-18
"2241","RSM00034003",1999-02-20,-65
"2242","RSM00034003",1999-02-21,-79
"2243","RSM00034003",1999-02-22,-57
"2244","RSM00034003",1999-02-23,-17
"2245","RSM00034003",1999-02-24,10
"2246","RSM00034003",1999-02-25,-15
"2247","RSM00034003",1999-02-26,-23
"2248","RSM00034003",1999-02-27,-61
"2249","RSM00034003",1999-02-28,-71
"2250","RSM00034003",1999-03-01,-6
"2251","RSM00034003",1999-03-02,8
"2252","RSM00034003",1999-03-03,-2
"2253","RSM00034003",1999-03-04,2
"2254","RSM00034003",1999-03-05,34
"2255","RSM00034003",1999-03-06,18
"2256","RSM00034003",1999-03-07,9
"2257","RSM00034003",1999-03-08,-37
"2258","RSM00034003",1999-03-09,-90
"2259","RSM00034003",1999-03-10,-78
"2260","RSM00034003",1999-03-11,-29
"2261","RSM00034003",1999-03-12,-1
"2262","RSM00034003",1999-03-13,-15
"2263","RSM00034003",1999-03-14,-50
"2264","RSM00034003",1999-03-15,-78
"2265","RSM00034003",1999-03-16,-99
"2266","RSM00034003",1999-03-17,-86
"2267","RSM00034003",1999-03-18,-68
"2268","RSM00034003",1999-03-19,-53
"2269","RSM00034003",1999-03-20,-21
"2270","RSM00034003",1999-03-21,-62
"2271","RSM00034003",1999-03-22,-13
"2272","RSM00034003",1999-03-23,10
"2273","RSM00034003",1999-03-24,27
"2274","RSM00034003",1999-03-25,16
"2275","RSM00034003",1999-03-26,11
"2276","RSM00034003",1999-03-27,33
"2277","RSM00034003",1999-03-28,51
"2278","RSM00034003",1999-03-29,43
"2279","RSM00034003",1999-03-30,41
"2280","RSM00034003",1999-03-31,35
"2281","RSM00034003",1999-04-01,35
"2282","RSM00034003",1999-04-02,50
"2283","RSM00034003",1999-04-03,32
"2284","RSM00034003",1999-04-04,26
"2285","RSM00034003",1999-04-05,-20
"2286","RSM00034003",1999-04-06,21
"2287","RSM00034003",1999-04-07,65
"2288","RSM00034003",1999-04-08,94
"2289","RSM00034003",1999-04-09,83
"2290","RSM00034003",1999-04-10,99
"2291","RSM00034003",1999-04-11,107
"2292","RSM00034003",1999-04-12,106
"2293","RSM00034003",1999-04-13,72
"2294","RSM00034003",1999-04-14,92
"2295","RSM00034003",1999-04-15,116
"2296","RSM00034003",1999-04-16,133
"2297","RSM00034003",1999-04-17,139
"2298","RSM00034003",1999-04-18,160
"2299","RSM00034003",1999-04-19,139
"2300","RSM00034003",1999-04-20,123
"2301","RSM00034003",1999-04-21,87
"2302","RSM00034003",1999-04-22,104
"2303","RSM00034003",1999-04-23,109
"2304","RSM00034003",1999-04-24,111
"2305","RSM00034003",1999-04-25,110
"2306","RSM00034003",1999-04-26,127
"2307","RSM00034003",1999-04-27,141
"2308","RSM00034003",1999-04-28,161
"2309","RSM00034003",1999-04-29,143
"2310","RSM00034003",1999-04-30,113
"2311","RSM00034003",1999-05-01,93
"2312","RSM00034003",1999-05-02,88
"2313","RSM00034003",1999-05-03,53
"2314","RSM00034003",1999-05-04,24
"2315","RSM00034003",1999-05-05,18
"2316","RSM00034003",1999-05-06,22
"2317","RSM00034003",1999-05-07,54
"2318","RSM00034003",1999-05-08,87
"2319","RSM00034003",1999-05-09,74
"2320","RSM00034003",1999-05-10,59
"2321","RSM00034003",1999-05-11,109
"2322","RSM00034003",1999-05-12,61
"2323","RSM00034003",1999-05-13,26
"2324","RSM00034003",1999-05-14,60
"2325","RSM00034003",1999-05-15,71
"2326","RSM00034003",1999-05-16,97
"2327","RSM00034003",1999-05-17,85
"2328","RSM00034003",1999-05-18,69
"2329","RSM00034003",1999-05-19,73
"2330","RSM00034003",1999-05-20,88
"2331","RSM00034003",1999-05-21,101
"2332","RSM00034003",1999-05-22,99
"2333","RSM00034003",1999-05-23,141
"2334","RSM00034003",1999-05-24,171
"2335","RSM00034003",1999-05-25,176
"2336","RSM00034003",1999-05-26,173
"2337","RSM00034003",1999-05-27,183
"2338","RSM00034003",1999-05-28,176
"2339","RSM00034003",1999-05-29,163
"2340","RSM00034003",1999-05-30,191
"2341","RSM00034003",1999-05-31,199
"2342","RSM00034003",1999-06-01,130
"2343","RSM00034003",1999-06-02,117
"2344","RSM00034003",1999-06-03,133
"2345","RSM00034003",1999-06-04,161
"2346","RSM00034003",1999-06-05,179
"2347","RSM00034003",1999-06-06,196
"2348","RSM00034003",1999-06-07,221
"2349","RSM00034003",1999-06-08,229
"2350","RSM00034003",1999-06-09,220
"2351","RSM00034003",1999-06-10,236
"2352","RSM00034003",1999-06-11,241
"2353","RSM00034003",1999-06-12,236
"2354","RSM00034003",1999-06-13,226
"2355","RSM00034003",1999-06-14,176
"2356","RSM00034003",1999-06-15,191
"2357","RSM00034003",1999-06-16,220
"2358","RSM00034003",1999-06-17,224
"2359","RSM00034003",1999-06-18,233
"2360","RSM00034003",1999-06-19,228
"2361","RSM00034003",1999-06-20,215
"2362","RSM00034003",1999-06-21,188
"2363","RSM00034003",1999-06-22,210
"2364","RSM00034003",1999-06-23,212
"2365","RSM00034003",1999-06-24,228
"2366","RSM00034003",1999-06-25,237
"2367","RSM00034003",1999-06-26,226
"2368","RSM00034003",1999-06-27,227
"2369","RSM00034003",1999-06-28,225
"2370","RSM00034003",1999-06-29,225
"2371","RSM00034003",1999-06-30,212
"2372","RSM00034003",1999-07-01,218
"2373","RSM00034003",1999-07-02,234
"2374","RSM00034003",1999-07-03,222
"2375","RSM00034003",1999-07-04,221
"2376","RSM00034003",1999-07-05,229
"2377","RSM00034003",1999-07-06,250
"2378","RSM00034003",1999-07-07,263
"2379","RSM00034003",1999-07-08,267
"2380","RSM00034003",1999-07-09,250
"2381","RSM00034003",1999-07-10,181
"2382","RSM00034003",1999-07-11,192
"2383","RSM00034003",1999-07-12,192
"2384","RSM00034003",1999-07-13,225
"2385","RSM00034003",1999-07-14,235
"2386","RSM00034003",1999-07-15,246
"2387","RSM00034003",1999-07-16,249
"2388","RSM00034003",1999-07-17,222
"2389","RSM00034003",1999-07-18,220
"2390","RSM00034003",1999-07-19,222
"2391","RSM00034003",1999-07-20,176
"2392","RSM00034003",1999-07-21,173
"2393","RSM00034003",1999-07-22,207
"2394","RSM00034003",1999-07-23,235
"2395","RSM00034003",1999-07-24,235
"2396","RSM00034003",1999-07-25,221
"2397","RSM00034003",1999-07-26,224
"2398","RSM00034003",1999-07-27,236
"2399","RSM00034003",1999-07-28,231
"2400","RSM00034003",1999-07-29,201
"2401","RSM00034003",1999-07-30,222
"2402","RSM00034003",1999-07-31,212
"2403","RSM00034003",1999-08-01,154
"2404","RSM00034003",1999-08-02,124
"2405","RSM00034003",1999-08-03,126
"2406","RSM00034003",1999-08-04,139
"2407","RSM00034003",1999-08-05,155
"2408","RSM00034003",1999-08-06,179
"2409","RSM00034003",1999-08-07,197
"2410","RSM00034003",1999-08-08,209
"2411","RSM00034003",1999-08-09,191
"2412","RSM00034003",1999-08-10,202
"2413","RSM00034003",1999-08-11,247
"2414","RSM00034003",1999-08-12,207
"2415","RSM00034003",1999-08-13,209
"2416","RSM00034003",1999-08-14,187
"2417","RSM00034003",1999-08-15,158
"2418","RSM00034003",1999-08-16,164
"2419","RSM00034003",1999-08-17,164
"2420","RSM00034003",1999-08-18,161
"2421","RSM00034003",1999-08-19,179
"2422","RSM00034003",1999-08-20,193
"2423","RSM00034003",1999-08-21,168
"2424","RSM00034003",1999-08-22,153
"2425","RSM00034003",1999-08-23,143
"2426","RSM00034003",1999-08-24,141
"2427","RSM00034003",1999-08-25,144
"2428","RSM00034003",1999-08-26,140
"2429","RSM00034003",1999-08-27,147
"2430","RSM00034003",1999-08-28,150
"2431","RSM00034003",1999-08-29,159
"2432","RSM00034003",1999-08-30,156
"2433","RSM00034003",1999-08-31,153
"2434","RSM00034003",1999-09-01,134
"2435","RSM00034003",1999-09-02,96
"2436","RSM00034003",1999-09-03,116
"2437","RSM00034003",1999-09-04,137
"2438","RSM00034003",1999-09-05,164
"2439","RSM00034003",1999-09-06,178
"2440","RSM00034003",1999-09-07,178
"2441","RSM00034003",1999-09-08,186
"2442","RSM00034003",1999-09-09,195
"2443","RSM00034003",1999-09-10,168
"2444","RSM00034003",1999-09-11,138
"2445","RSM00034003",1999-09-12,91
"2446","RSM00034003",1999-09-13,67
"2447","RSM00034003",1999-09-14,69
"2448","RSM00034003",1999-09-15,72
"2449","RSM00034003",1999-09-16,64
"2450","RSM00034003",1999-09-17,78
"2451","RSM00034003",1999-09-18,81
"2452","RSM00034003",1999-09-19,88
"2453","RSM00034003",1999-09-20,94
"2454","RSM00034003",1999-09-21,80
"2455","RSM00034003",1999-09-22,93
"2456","RSM00034003",1999-09-23,121
"2457","RSM00034003",1999-09-24,128
"2458","RSM00034003",1999-09-25,140
"2459","RSM00034003",1999-09-26,139
"2460","RSM00034003",1999-09-27,131
"2461","RSM00034003",1999-09-28,124
"2462","RSM00034003",1999-09-29,124
"2463","RSM00034003",1999-09-30,155
"2464","RSM00034003",1999-10-01,148
"2465","RSM00034003",1999-10-02,167
"2466","RSM00034003",1999-10-03,132
"2467","RSM00034003",1999-10-04,169
"2468","RSM00034003",1999-10-05,167
"2469","RSM00034003",1999-10-06,165
"2470","RSM00034003",1999-10-07,168
"2471","RSM00034003",1999-10-08,176
"2472","RSM00034003",1999-10-09,104
"2473","RSM00034003",1999-10-10,93
"2474","RSM00034003",1999-10-11,66
"2475","RSM00034003",1999-10-12,67
"2476","RSM00034003",1999-10-13,60
"2477","RSM00034003",1999-10-14,53
"2478","RSM00034003",1999-10-15,52
"2479","RSM00034003",1999-10-16,45
"2480","RSM00034003",1999-10-17,33
"2481","RSM00034003",1999-10-18,16
"2482","RSM00034003",1999-10-19,0
"2483","RSM00034003",1999-10-20,-3
"2484","RSM00034003",1999-10-21,-13
"2485","RSM00034003",1999-10-22,1
"2486","RSM00034003",1999-10-23,14
"2487","RSM00034003",1999-10-24,5
"2488","RSM00034003",1999-10-25,1
"2489","RSM00034003",1999-10-26,17
"2490","RSM00034003",1999-10-27,73
"2491","RSM00034003",1999-10-28,73
"2492","RSM00034003",1999-10-29,38
"2493","RSM00034003",1999-10-30,38
"2494","RSM00034003",1999-10-31,56
"2495","RSM00034003",1999-11-01,40
"2496","RSM00034003",1999-11-02,66
"2497","RSM00034003",1999-11-03,70
"2498","RSM00034003",1999-11-04,59
"2499","RSM00034003",1999-11-05,24
"2500","RSM00034003",1999-11-06,6
"2501","RSM00034003",1999-11-07,-11
"2502","RSM00034003",1999-11-08,-63
"2503","RSM00034003",1999-11-09,-93
"2504","RSM00034003",1999-11-10,-74
"2505","RSM00034003",1999-11-11,-44
"2506","RSM00034003",1999-11-12,16
"2507","RSM00034003",1999-11-13,-2
"2508","RSM00034003",1999-11-14,25
"2509","RSM00034003",1999-11-15,5
"2510","RSM00034003",1999-11-16,-55
"2511","RSM00034003",1999-11-17,-87
"2512","RSM00034003",1999-11-18,-76
"2513","RSM00034003",1999-11-19,-54
"2514","RSM00034003",1999-11-20,-93
"2515","RSM00034003",1999-11-21,-60
"2516","RSM00034003",1999-11-22,-39
"2517","RSM00034003",1999-11-23,-46
"2518","RSM00034003",1999-11-24,-122
"2519","RSM00034003",1999-11-25,-158
"2520","RSM00034003",1999-11-26,-156
"2521","RSM00034003",1999-11-27,-118
"2522","RSM00034003",1999-11-28,-90
"2523","RSM00034003",1999-11-29,-28
"2524","RSM00034003",1999-11-30,-11
"2525","RSM00034003",1999-12-01,-3
"2526","RSM00034003",1999-12-02,18
"2527","RSM00034003",1999-12-03,5
"2528","RSM00034003",1999-12-04,1
"2529","RSM00034003",1999-12-05,5
"2530","RSM00034003",1999-12-06,-32
"2531","RSM00034003",1999-12-07,-79
"2532","RSM00034003",1999-12-08,-11
"2533","RSM00034003",1999-12-09,15
"2534","RSM00034003",1999-12-10,5
"2535","RSM00034003",1999-12-11,13
"2536","RSM00034003",1999-12-12,17
"2537","RSM00034003",1999-12-13,19
"2538","RSM00034003",1999-12-14,-6
"2539","RSM00034003",1999-12-15,5
"2540","RSM00034003",1999-12-16,7
"2541","RSM00034003",1999-12-17,-10
"2542","RSM00034003",1999-12-18,-35
"2543","RSM00034003",1999-12-19,-13
"2544","RSM00034003",1999-12-20,-19
"2545","RSM00034003",1999-12-21,-45
"2546","RSM00034003",1999-12-22,-73
"2547","RSM00034003",1999-12-23,-77
"2548","RSM00034003",1999-12-24,-87
"2549","RSM00034003",1999-12-25,-111
"2550","RSM00034003",1999-12-26,-67
"2551","RSM00034003",1999-12-27,-29
"2552","RSM00034003",1999-12-28,1
"2553","RSM00034003",1999-12-29,-20
"2554","RSM00034003",1999-12-30,-19
"2555","RSM00034003",1999-12-31,-33
